inicio,fin,n_ts,motivo,satelite
2024-01-13 07:20:00,2024-01-13 07:20:00,1,excluido_qc,G16
2024-01-14 23:40:00,2024-01-14 23:40:00,1,excluido_qc,G16
2024-01-15 05:00:00,2024-01-15 05:00:00,1,excluido_qc,G16
2024-01-15 14:00:00,2024-01-15 14:00:00,1,sin_archivo,G16
2024-01-15 16:40:00,2024-01-15 16:40:00,1,excluido_qc,G16
2024-01-15 17:30:00,2024-01-15 17:30:00,1,excluido_qc,G16
2024-01-16 05:50:00,2024-01-16 05:50:00,1,excluido_qc,G16
2024-01-16 06:50:00,2024-01-16 06:50:00,1,excluido_qc,G16
2024-01-16 07:10:00,2024-01-16 07:10:00,1,excluido_qc,G16
2024-01-16 09:30:00,2024-01-16 09:30:00,1,excluido_qc,G16
2024-01-22 03:40:00,2024-01-22 03:50:00,2,excluido_qc,G16
2024-01-22 17:30:00,2024-01-22 20:40:00,20,excluido_qc+sin_archivo,G16
2024-01-23 06:40:00,2024-01-23 06:40:00,1,excluido_qc,G16
2024-01-23 21:00:00,2024-01-23 21:00:00,1,excluido_qc,G16
2024-01-25 12:40:00,2024-01-25 12:40:00,1,excluido_qc,G16
2024-01-26 19:00:00,2024-01-26 20:10:00,8,excluido_qc,G16
2024-02-05 11:10:00,2024-02-05 11:10:00,1,excluido_qc,G16
2024-02-06 13:50:00,2024-02-06 13:50:00,1,excluido_qc,G16
2024-02-06 15:00:00,2024-02-06 15:00:00,1,excluido_qc,G16
2024-02-06 16:50:00,2024-02-06 16:50:00,1,excluido_qc,G16
2024-02-13 17:00:00,2024-02-13 17:00:00,1,excluido_qc,G16
2024-02-15 12:50:00,2024-02-15 15:40:00,18,excluido_qc+sin_archivo,G16
2024-02-19 11:10:00,2024-02-19 11:10:00,1,excluido_qc,G16
2024-03-02 11:20:00,2024-03-02 11:50:00,4,sin_archivo,G16
2024-03-10 03:30:00,2024-03-10 03:30:00,1,excluido_qc,G16
2024-03-20 16:20:00,2024-03-20 17:40:00,9,sin_archivo,G16
2024-03-21 18:20:00,2024-03-21 18:30:00,2,excluido_qc,G16
2024-03-26 15:30:00,2024-03-26 15:50:00,3,excluido_qc+sin_archivo,G16
2024-03-26 17:00:00,2024-03-26 17:10:00,2,sin_archivo,G16
2024-04-01 00:00:00,2024-04-01 00:00:00,1,sin_archivo,G16
2024-04-01 11:00:00,2024-04-01 11:00:00,1,excluido_qc,G16
2024-04-04 11:30:00,2024-04-04 12:00:00,4,sin_archivo,G16
2024-04-11 18:50:00,2024-04-11 18:50:00,1,sin_archivo,G16
2024-04-15 10:30:00,2024-04-15 10:30:00,1,excluido_qc,G16
2024-04-15 11:00:00,2024-04-15 11:00:00,1,excluido_qc,G16
2024-04-16 13:10:00,2024-04-16 13:10:00,1,excluido_qc,G16
2024-04-20 15:10:00,2024-04-20 15:20:00,2,excluido_qc,G16
2024-05-07 17:00:00,2024-05-07 17:00:00,1,sin_archivo,G16
2024-05-08 23:20:00,2024-05-08 23:30:00,2,excluido_qc,G16
2024-05-13 00:20:00,2024-05-13 01:50:00,10,sin_archivo,G16
2024-05-13 03:20:00,2024-05-13 03:20:00,1,sin_archivo,G16
2024-05-18 18:10:00,2024-05-18 18:10:00,1,sin_archivo,G16
2024-05-19 15:30:00,2024-05-19 16:50:00,9,sin_archivo,G16
2024-05-23 05:50:00,2024-05-23 05:50:00,1,sin_archivo,G16
2024-05-29 16:30:00,2024-05-29 16:30:00,1,excluido_qc,G16
2024-05-29 20:30:00,2024-05-29 22:00:00,10,sin_archivo,G16
2024-06-06 05:30:00,2024-06-06 05:40:00,2,excluido_qc,G16
2024-06-10 11:00:00,2024-06-10 11:00:00,1,excluido_qc,G16
2024-06-11 02:20:00,2024-06-11 02:30:00,2,excluido_qc,G16
2024-06-25 19:00:00,2024-06-25 19:10:00,2,excluido_qc,G16
2024-06-26 17:50:00,2024-06-26 17:50:00,1,excluido_qc,G16
2024-07-02 16:50:00,2024-07-02 18:10:00,9,excluido_qc+sin_archivo,G16
2024-07-08 11:00:00,2024-07-08 11:00:00,1,excluido_qc,G16
2024-07-08 13:00:00,2024-07-08 13:30:00,4,excluido_qc,G16
2024-07-09 17:40:00,2024-07-09 17:40:00,1,excluido_qc,G16
2024-07-10 13:20:00,2024-07-10 13:50:00,4,sin_archivo,G16
2024-08-01 15:20:00,2024-08-01 15:20:00,1,excluido_qc,G16
2024-08-09 18:20:00,2024-08-09 18:20:00,1,excluido_qc,G16
2024-08-19 11:00:00,2024-08-19 11:00:00,1,excluido_qc,G16
2024-09-02 11:00:00,2024-09-02 11:00:00,1,excluido_qc,G16
2024-09-08 21:10:00,2024-09-09 06:10:00,55,excluido_qc+sin_archivo,G16
2024-09-09 15:30:00,2024-09-09 19:50:00,27,excluido_qc+sin_archivo,G16
2024-09-16 10:50:00,2024-09-16 10:50:00,1,excluido_qc,G16
2024-09-28 08:30:00,2024-09-28 08:30:00,1,excluido_qc,G16
2024-09-30 10:50:00,2024-09-30 10:50:00,1,excluido_qc,G16
2024-10-01 17:10:00,2024-10-01 17:10:00,1,excluido_qc,G16
2024-10-02 11:00:00,2024-10-02 15:50:00,30,excluido_qc+sin_archivo,G16
2024-10-02 17:40:00,2024-10-02 17:40:00,1,excluido_qc,G16
2024-10-03 18:50:00,2024-10-03 18:50:00,1,excluido_qc,G16
2024-10-03 19:10:00,2024-10-03 19:10:00,1,excluido_qc,G16
2024-10-03 19:40:00,2024-10-03 19:50:00,2,excluido_qc,G16
2024-10-03 20:20:00,2024-10-03 20:20:00,1,excluido_qc,G16
2024-10-03 21:40:00,2024-10-03 21:40:00,1,excluido_qc,G16
2024-10-04 15:50:00,2024-10-04 16:20:00,4,excluido_qc+sin_archivo,G16
2024-10-05 08:30:00,2024-10-05 08:30:00,1,excluido_qc,G16
2024-10-07 16:30:00,2024-10-07 16:30:00,1,excluido_qc,G16
2024-10-07 23:30:00,2024-10-07 23:30:00,1,excluido_qc,G16
2024-10-14 10:40:00,2024-10-14 10:40:00,1,excluido_qc,G16
2024-10-15 14:20:00,2024-10-15 14:20:00,1,excluido_qc,G16
2024-10-29 10:20:00,2024-10-29 10:20:00,1,excluido_qc,G16
2024-11-06 05:50:00,2024-11-06 06:00:00,2,sin_archivo,G16
2024-11-12 15:50:00,2024-11-12 16:30:00,5,sin_archivo,G16
2024-11-14 01:20:00,2024-11-14 01:30:00,2,excluido_qc,G16
2024-11-15 01:00:00,2024-11-15 01:20:00,3,excluido_qc,G16
2024-11-15 17:20:00,2024-11-15 20:20:00,19,excluido_qc+sin_archivo,G16
2024-11-17 11:20:00,2024-11-17 15:00:00,23,excluido_qc+sin_archivo,G16
2024-11-22 17:10:00,2024-11-22 17:10:00,1,excluido_qc,G16
2024-12-03 05:40:00,2024-12-03 10:00:00,27,sin_archivo,G16
2024-12-05 15:40:00,2024-12-05 15:40:00,1,sin_archivo,G16
2024-12-06 07:50:00,2024-12-06 07:50:00,1,excluido_qc,G16
2024-12-06 09:50:00,2024-12-06 11:30:00,11,excluido_qc+sin_archivo,G16
2024-12-11 16:10:00,2024-12-11 16:10:00,1,excluido_qc,G16
2024-12-11 19:10:00,2024-12-11 19:10:00,1,excluido_qc,G16
2024-12-17 16:40:00,2024-12-17 16:40:00,1,sin_archivo,G16
2024-12-20 05:40:00,2024-12-20 06:00:00,3,excluido_qc,G16
2025-01-06 11:00:00,2025-01-06 11:00:00,1,excluido_qc,G16
2025-01-07 19:30:00,2025-01-07 19:30:00,1,excluido_qc,G16
2025-01-20 11:10:00,2025-01-20 11:10:00,1,excluido_qc,G16
2025-01-22 16:50:00,2025-01-22 16:50:00,1,excluido_qc,G16
2025-01-31 21:20:00,2025-01-31 22:00:00,5,excluido_qc,G16
2025-02-01 17:10:00,2025-02-01 20:20:00,20,sin_archivo,G16
2025-02-04 16:30:00,2025-02-04 16:30:00,1,excluido_qc,G16
2025-02-24 01:20:00,2025-02-24 01:20:00,1,excluido_qc,G16
2025-02-24 01:50:00,2025-02-24 01:50:00,1,excluido_qc,G16
2025-02-25 17:40:00,2025-02-25 17:40:00,1,sin_archivo,G16
2025-02-28 23:10:00,2025-02-28 23:10:00,1,excluido_qc,G16
2025-03-03 19:10:00,2025-03-03 19:10:00,1,excluido_qc,G16
2025-03-06 11:00:00,2025-03-06 11:00:00,1,excluido_qc,G16
2025-03-08 03:30:00,2025-03-08 03:30:00,1,excluido_qc,G16
2025-03-11 14:10:00,2025-03-11 14:10:00,1,excluido_qc,G16
2025-03-11 16:00:00,2025-03-11 16:00:00,1,sin_archivo,G16
2025-03-14 16:40:00,2025-03-14 16:40:00,1,excluido_qc,G16
2025-03-14 18:10:00,2025-03-14 18:10:00,1,excluido_qc,G16
2025-03-18 15:40:00,2025-03-18 15:40:00,1,excluido_qc,G16
2025-03-19 22:40:00,2025-03-19 22:40:00,1,excluido_qc,G16
2025-03-31 11:00:00,2025-03-31 11:00:00,1,excluido_qc,G16
2025-04-07 17:30:00,2025-04-07 17:30:00,1,excluido_qc,G19
2025-04-09 15:50:00,2025-04-09 15:50:00,1,excluido_qc,G19
2025-04-09 17:40:00,2025-04-09 17:40:00,1,excluido_qc,G19
2025-04-11 08:00:00,2025-04-11 08:00:00,1,excluido_qc,G19
2025-04-14 23:00:00,2025-04-14 23:00:00,1,excluido_qc,G19
2025-05-01 14:00:00,2025-05-01 14:00:00,1,excluido_qc,G19
2025-05-02 17:00:00,2025-05-02 17:00:00,1,excluido_qc,G19
2025-05-05 22:50:00,2025-05-05 22:50:00,1,excluido_qc,G19
2025-05-17 22:50:00,2025-05-17 22:50:00,1,excluido_qc,G19
2025-06-01 10:40:00,2025-06-01 10:40:00,1,excluido_qc,G19
2025-06-01 11:00:00,2025-06-01 11:00:00,1,excluido_qc,G19
2025-06-02 08:20:00,2025-06-02 08:20:00,1,excluido_qc,G19
2025-06-11 03:00:00,2025-06-11 03:00:00,1,sin_archivo,G19
2025-06-13 23:00:00,2025-06-13 23:00:00,1,excluido_qc,G19
2025-06-25 14:30:00,2025-06-25 14:30:00,1,excluido_qc,G19
2025-06-27 12:00:00,2025-06-27 12:00:00,1,excluido_qc,G19
2025-06-29 16:00:00,2025-06-29 16:00:00,1,excluido_qc,G19
2025-06-29 16:50:00,2025-06-29 16:50:00,1,excluido_qc,G19
2025-07-03 18:50:00,2025-07-03 18:50:00,1,excluido_qc,G19
2025-07-05 00:10:00,2025-07-05 00:10:00,1,excluido_qc,G19
2025-07-06 10:40:00,2025-07-06 10:40:00,1,excluido_qc,G19
2025-07-06 14:00:00,2025-07-06 14:00:00,1,excluido_qc,G19
2025-07-07 14:30:00,2025-07-07 14:30:00,1,excluido_qc,G19
2025-07-07 20:50:00,2025-07-07 20:50:00,1,sin_archivo,G19
2025-07-07 23:00:00,2025-07-07 23:00:00,1,excluido_qc,G19
2025-07-08 15:00:00,2025-07-08 15:00:00,1,excluido_qc,G19
2025-07-20 21:50:00,2025-07-20 21:50:00,1,excluido_qc,G19
2025-07-21 10:30:00,2025-07-21 10:30:00,1,excluido_qc,G19
2025-07-21 23:00:00,2025-07-21 23:00:00,1,excluido_qc,G19
2025-07-27 18:00:00,2025-07-27 18:00:00,1,excluido_qc,G19
2025-07-28 12:00:00,2025-07-28 12:00:00,1,sin_archivo,G19
2025-08-04 23:00:00,2025-08-04 23:00:00,1,excluido_qc,G19
2025-08-17 18:00:00,2025-08-17 18:00:00,1,excluido_qc,G19
2025-08-20 18:50:00,2025-08-20 18:50:00,1,excluido_qc,G19
2025-09-01 23:00:00,2025-09-01 23:00:00,1,excluido_qc,G19
2025-09-12 06:50:00,2025-09-12 06:50:00,1,excluido_qc,G19
2025-09-15 23:50:00,2025-09-16 00:30:00,5,excluido_qc,G19
2025-09-18 15:20:00,2025-09-18 15:20:00,1,excluido_qc,G19
2025-09-22 16:30:00,2025-09-22 18:10:00,11,sin_archivo,G19
2025-09-23 12:10:00,2025-09-23 12:10:00,1,excluido_qc,G19
2025-09-30 10:50:00,2025-09-30 10:50:00,1,excluido_qc,G19
2025-10-01 12:30:00,2025-10-01 12:30:00,1,excluido_qc,G19
2025-10-02 16:30:00,2025-10-02 16:30:00,1,excluido_qc,G19
2025-10-04 09:20:00,2025-10-04 09:20:00,1,excluido_qc,G19
2025-10-05 07:20:00,2025-10-05 07:20:00,1,excluido_qc,G19
2025-10-13 10:40:00,2025-10-13 10:40:00,1,excluido_qc,G19
2025-10-23 16:20:00,2025-10-23 16:20:00,1,sin_archivo,G19
2025-10-23 22:40:00,2025-10-23 22:40:00,1,excluido_qc,G19
2025-10-25 18:10:00,2025-10-25 18:10:00,1,excluido_qc,G19
2025-10-26 11:30:00,2025-10-26 11:30:00,1,excluido_qc,G19
2025-10-28 09:20:00,2025-10-28 09:20:00,1,excluido_qc,G19
2025-11-19 18:20:00,2025-11-19 18:20:00,1,excluido_qc,G19
2025-11-24 10:40:00,2025-11-24 10:40:00,1,excluido_qc,G19
2025-12-18 21:00:00,2025-12-18 21:10:00,2,excluido_qc,G19
2025-12-18 23:40:00,2025-12-19 00:20:00,5,excluido_qc,G19
