timestamp,estado,detalle,archivo,frac_nan_C08,frac_nan_C09,frac_nan_C10,frac_nan_C13,frac_nan_C14
2024-03-20 15:30:00,escrito,,C:\Users\diani\Documents\repositories\nowcasting-bogota\data\cmip_l1b\CMIPC_20240320-153000.nc,0.0,0.0,0.0,0.0,0.0
2024-03-20 15:40:00,escrito,,C:\Users\diani\Documents\repositories\nowcasting-bogota\data\cmip_l1b\CMIPC_20240320-154000.nc,0.0,0.0,0.0,0.0,0.0
2024-03-20 15:50:00,escrito,,C:\Users\diani\Documents\repositories\nowcasting-bogota\data\cmip_l1b\CMIPC_20240320-155000.nc,0.0,0.0,0.0,0.0,0.0
2024-03-20 16:00:00,escrito,,C:\Users\diani\Documents\repositories\nowcasting-bogota\data\cmip_l1b\CMIPC_20240320-160000.nc,0.0,0.0,0.0,0.0,0.0
2024-03-20 16:10:00,escrito,,C:\Users\diani\Documents\repositories\nowcasting-bogota\data\cmip_l1b\CMIPC_20240320-161000.nc,0.0,0.0,0.0,0.0,0.0
2024-03-20 16:30:00,incompleto,C08 con 16.2% de píxeles sin dato,C:\Users\diani\Documents\repositories\nowcasting-bogota\data\cmip_l1b\CMIPC_20240320-163000.nc,,,,,
2024-03-20 17:50:00,escrito,,C:\Users\diani\Documents\repositories\nowcasting-bogota\data\cmip_l1b\CMIPC_20240320-175000.nc,0.0,0.0,0.0,0.0,0.0
2024-03-20 18:00:00,escrito,,C:\Users\diani\Documents\repositories\nowcasting-bogota\data\cmip_l1b\CMIPC_20240320-180000.nc,0.0,0.0,0.0,0.0,0.0
2024-03-20 18:10:00,escrito,,C:\Users\diani\Documents\repositories\nowcasting-bogota\data\cmip_l1b\CMIPC_20240320-181000.nc,0.0,0.0,0.0,0.0,0.0
2024-03-20 18:20:00,escrito,,C:\Users\diani\Documents\repositories\nowcasting-bogota\data\cmip_l1b\CMIPC_20240320-182000.nc,0.0,0.0,0.0,0.0,0.0
2024-03-20 18:30:00,escrito,,C:\Users\diani\Documents\repositories\nowcasting-bogota\data\cmip_l1b\CMIPC_20240320-183000.nc,0.0,0.0,0.0,0.0,0.0
2024-03-20 18:40:00,escrito,,C:\Users\diani\Documents\repositories\nowcasting-bogota\data\cmip_l1b\CMIPC_20240320-184000.nc,0.0,0.0,0.0,0.0,0.0
2024-03-20 18:50:00,escrito,,C:\Users\diani\Documents\repositories\nowcasting-bogota\data\cmip_l1b\CMIPC_20240320-185000.nc,0.0,0.0,0.0,0.0,0.0
2024-03-20 19:00:00,escrito,,C:\Users\diani\Documents\repositories\nowcasting-bogota\data\cmip_l1b\CMIPC_20240320-190000.nc,0.0,0.0,0.0,0.0,0.0
2024-09-28 15:00:00,escrito,,C:\Users\diani\Documents\repositories\nowcasting-bogota\data\cmip_l1b\CMIPC_20240928-150000.nc,0.0,0.0,0.0,0.0,0.0
2024-09-28 15:10:00,escrito,,C:\Users\diani\Documents\repositories\nowcasting-bogota\data\cmip_l1b\CMIPC_20240928-151000.nc,0.0,0.0,0.0,0.0,0.0
2024-09-28 15:20:00,escrito,,C:\Users\diani\Documents\repositories\nowcasting-bogota\data\cmip_l1b\CMIPC_20240928-152000.nc,0.0,0.0,0.0,0.0,0.0
2024-09-28 15:30:00,escrito,,C:\Users\diani\Documents\repositories\nowcasting-bogota\data\cmip_l1b\CMIPC_20240928-153000.nc,0.0,0.0,0.0,0.0,0.0
2024-09-28 15:40:00,escrito,,C:\Users\diani\Documents\repositories\nowcasting-bogota\data\cmip_l1b\CMIPC_20240928-154000.nc,0.0,0.0,0.0,0.0,0.0
2024-09-28 15:50:00,escrito,,C:\Users\diani\Documents\repositories\nowcasting-bogota\data\cmip_l1b\CMIPC_20240928-155000.nc,0.0,0.0,0.0,0.0,0.0
2024-09-28 16:00:00,escrito,,C:\Users\diani\Documents\repositories\nowcasting-bogota\data\cmip_l1b\CMIPC_20240928-160000.nc,0.0,0.0,0.0,0.0,0.0
2024-09-28 16:10:00,escrito,,C:\Users\diani\Documents\repositories\nowcasting-bogota\data\cmip_l1b\CMIPC_20240928-161000.nc,0.0,0.0,0.0,0.0,0.0
2024-09-28 16:20:00,escrito,,C:\Users\diani\Documents\repositories\nowcasting-bogota\data\cmip_l1b\CMIPC_20240928-162000.nc,0.0,0.0,0.0,0.0,0.0
2024-09-28 16:30:00,escrito,,C:\Users\diani\Documents\repositories\nowcasting-bogota\data\cmip_l1b\CMIPC_20240928-163000.nc,0.0,0.0,0.0,0.0,0.0
2024-09-28 16:40:00,escrito,,C:\Users\diani\Documents\repositories\nowcasting-bogota\data\cmip_l1b\CMIPC_20240928-164000.nc,0.0,0.0,0.0,0.0,0.0
2024-09-28 16:50:00,escrito,,C:\Users\diani\Documents\repositories\nowcasting-bogota\data\cmip_l1b\CMIPC_20240928-165000.nc,0.0,0.0,0.0,0.0,0.0
2024-09-28 17:00:00,escrito,,C:\Users\diani\Documents\repositories\nowcasting-bogota\data\cmip_l1b\CMIPC_20240928-170000.nc,0.0,0.0,0.0,0.0,0.0
2024-09-28 17:10:00,escrito,,C:\Users\diani\Documents\repositories\nowcasting-bogota\data\cmip_l1b\CMIPC_20240928-171000.nc,0.0,0.0,0.0,0.0,0.0
2024-09-28 17:20:00,escrito,,C:\Users\diani\Documents\repositories\nowcasting-bogota\data\cmip_l1b\CMIPC_20240928-172000.nc,0.0,0.0,0.0,0.0,0.0
2024-09-28 17:30:00,escrito,,C:\Users\diani\Documents\repositories\nowcasting-bogota\data\cmip_l1b\CMIPC_20240928-173000.nc,0.0,0.0,0.0,0.0,0.0
2024-09-28 17:40:00,escrito,,C:\Users\diani\Documents\repositories\nowcasting-bogota\data\cmip_l1b\CMIPC_20240928-174000.nc,0.0,0.0,0.0,0.0,0.0
2024-09-28 17:50:00,escrito,,C:\Users\diani\Documents\repositories\nowcasting-bogota\data\cmip_l1b\CMIPC_20240928-175000.nc,0.0,0.0,0.0,0.0,0.0
2024-09-28 18:00:00,escrito,,C:\Users\diani\Documents\repositories\nowcasting-bogota\data\cmip_l1b\CMIPC_20240928-180000.nc,0.0,0.0,0.0,0.0,0.0
2024-09-28 18:10:00,escrito,,C:\Users\diani\Documents\repositories\nowcasting-bogota\data\cmip_l1b\CMIPC_20240928-181000.nc,0.0,0.0,0.0,0.0,0.0
2024-09-28 18:20:00,escrito,,C:\Users\diani\Documents\repositories\nowcasting-bogota\data\cmip_l1b\CMIPC_20240928-182000.nc,0.0,0.0,0.0,0.0,0.0
2024-09-28 18:30:00,escrito,,C:\Users\diani\Documents\repositories\nowcasting-bogota\data\cmip_l1b\CMIPC_20240928-183000.nc,0.0,0.0,0.0,0.0,0.0
2024-09-28 18:40:00,escrito,,C:\Users\diani\Documents\repositories\nowcasting-bogota\data\cmip_l1b\CMIPC_20240928-184000.nc,0.0,0.0,0.0,0.0,0.0
2024-09-28 18:50:00,escrito,,C:\Users\diani\Documents\repositories\nowcasting-bogota\data\cmip_l1b\CMIPC_20240928-185000.nc,0.0,0.0,0.0,0.0,0.0
2024-09-28 19:00:00,escrito,,C:\Users\diani\Documents\repositories\nowcasting-bogota\data\cmip_l1b\CMIPC_20240928-190000.nc,0.0,0.0,0.0,0.0,0.0
2024-09-28 19:10:00,escrito,,C:\Users\diani\Documents\repositories\nowcasting-bogota\data\cmip_l1b\CMIPC_20240928-191000.nc,0.0,0.0,0.0,0.0,0.0
2024-09-28 19:20:00,escrito,,C:\Users\diani\Documents\repositories\nowcasting-bogota\data\cmip_l1b\CMIPC_20240928-192000.nc,0.0,0.0,0.0,0.0,0.0
2024-09-28 19:30:00,escrito,,C:\Users\diani\Documents\repositories\nowcasting-bogota\data\cmip_l1b\CMIPC_20240928-193000.nc,0.0,0.0,0.0,0.0,0.0
2024-09-28 19:40:00,escrito,,C:\Users\diani\Documents\repositories\nowcasting-bogota\data\cmip_l1b\CMIPC_20240928-194000.nc,0.0,0.0,0.0,0.0,0.0
2024-09-28 19:50:00,escrito,,C:\Users\diani\Documents\repositories\nowcasting-bogota\data\cmip_l1b\CMIPC_20240928-195000.nc,0.0,0.0,0.0,0.0,0.0
2024-09-28 20:00:00,escrito,,C:\Users\diani\Documents\repositories\nowcasting-bogota\data\cmip_l1b\CMIPC_20240928-200000.nc,0.0,0.0,0.0,0.0,0.0
2024-09-28 20:10:00,escrito,,C:\Users\diani\Documents\repositories\nowcasting-bogota\data\cmip_l1b\CMIPC_20240928-201000.nc,0.0,0.0,0.0,0.0,0.0
2024-09-28 20:20:00,escrito,,C:\Users\diani\Documents\repositories\nowcasting-bogota\data\cmip_l1b\CMIPC_20240928-202000.nc,0.0,0.0,0.0,0.0,0.0
2024-09-28 20:30:00,escrito,,C:\Users\diani\Documents\repositories\nowcasting-bogota\data\cmip_l1b\CMIPC_20240928-203000.nc,0.0,0.0,0.0,0.0,0.0
2024-09-28 20:40:00,escrito,,C:\Users\diani\Documents\repositories\nowcasting-bogota\data\cmip_l1b\CMIPC_20240928-204000.nc,0.0,0.0,0.0,0.0,0.0
2024-09-28 20:50:00,escrito,,C:\Users\diani\Documents\repositories\nowcasting-bogota\data\cmip_l1b\CMIPC_20240928-205000.nc,0.0,0.0,0.0,0.0,0.0
2024-09-28 21:00:00,escrito,,C:\Users\diani\Documents\repositories\nowcasting-bogota\data\cmip_l1b\CMIPC_20240928-210000.nc,0.0,0.0,0.0,0.0,0.0
2024-09-28 21:10:00,escrito,,C:\Users\diani\Documents\repositories\nowcasting-bogota\data\cmip_l1b\CMIPC_20240928-211000.nc,0.0,0.0,0.0,0.0,0.0
2024-09-28 21:20:00,escrito,,C:\Users\diani\Documents\repositories\nowcasting-bogota\data\cmip_l1b\CMIPC_20240928-212000.nc,0.0,0.0,0.0,0.0,0.0
2024-09-28 21:30:00,escrito,,C:\Users\diani\Documents\repositories\nowcasting-bogota\data\cmip_l1b\CMIPC_20240928-213000.nc,0.0,0.0,0.0,0.0,0.0
2024-09-28 21:40:00,escrito,,C:\Users\diani\Documents\repositories\nowcasting-bogota\data\cmip_l1b\CMIPC_20240928-214000.nc,0.0,0.0,0.0,0.0,0.0
2024-09-28 21:50:00,escrito,,C:\Users\diani\Documents\repositories\nowcasting-bogota\data\cmip_l1b\CMIPC_20240928-215000.nc,0.0,0.0,0.0,0.0,0.0
2024-09-28 22:00:00,escrito,,C:\Users\diani\Documents\repositories\nowcasting-bogota\data\cmip_l1b\CMIPC_20240928-220000.nc,0.0,0.0,0.0,0.0,0.0
2024-09-28 22:10:00,escrito,,C:\Users\diani\Documents\repositories\nowcasting-bogota\data\cmip_l1b\CMIPC_20240928-221000.nc,0.0,0.0,0.0,0.0,0.0
2024-09-28 22:20:00,escrito,,C:\Users\diani\Documents\repositories\nowcasting-bogota\data\cmip_l1b\CMIPC_20240928-222000.nc,0.0,0.0,0.0,0.0,0.0
2024-09-28 22:30:00,escrito,,C:\Users\diani\Documents\repositories\nowcasting-bogota\data\cmip_l1b\CMIPC_20240928-223000.nc,0.0,0.0,0.0,0.0,0.0
2024-09-28 22:40:00,escrito,,C:\Users\diani\Documents\repositories\nowcasting-bogota\data\cmip_l1b\CMIPC_20240928-224000.nc,0.0,0.0,0.0,0.0,0.0
2024-09-28 22:50:00,escrito,,C:\Users\diani\Documents\repositories\nowcasting-bogota\data\cmip_l1b\CMIPC_20240928-225000.nc,0.0,0.0,0.0,0.0,0.0
2024-09-28 23:00:00,escrito,,C:\Users\diani\Documents\repositories\nowcasting-bogota\data\cmip_l1b\CMIPC_20240928-230000.nc,0.0,0.0,0.0,0.0,0.0
2024-09-28 23:10:00,escrito,,C:\Users\diani\Documents\repositories\nowcasting-bogota\data\cmip_l1b\CMIPC_20240928-231000.nc,0.0,0.0,0.0,0.0,0.0
2024-09-28 23:20:00,escrito,,C:\Users\diani\Documents\repositories\nowcasting-bogota\data\cmip_l1b\CMIPC_20240928-232000.nc,0.0,0.0,0.0,0.0,0.0
2024-09-28 23:30:00,escrito,,C:\Users\diani\Documents\repositories\nowcasting-bogota\data\cmip_l1b\CMIPC_20240928-233000.nc,0.0,0.0,0.0,0.0,0.0
2024-09-28 23:40:00,escrito,,C:\Users\diani\Documents\repositories\nowcasting-bogota\data\cmip_l1b\CMIPC_20240928-234000.nc,0.0,0.0,0.0,0.0,0.0
2024-09-28 23:50:00,escrito,,C:\Users\diani\Documents\repositories\nowcasting-bogota\data\cmip_l1b\CMIPC_20240928-235000.nc,0.0,0.0,0.0,0.0,0.0
2024-09-29 00:00:00,escrito,,C:\Users\diani\Documents\repositories\nowcasting-bogota\data\cmip_l1b\CMIPC_20240929-000000.nc,0.0,0.0,0.0,0.0,0.0
2024-09-29 00:10:00,escrito,,C:\Users\diani\Documents\repositories\nowcasting-bogota\data\cmip_l1b\CMIPC_20240929-001000.nc,0.0,0.0,0.0,0.0,0.0
2024-09-29 00:20:00,escrito,,C:\Users\diani\Documents\repositories\nowcasting-bogota\data\cmip_l1b\CMIPC_20240929-002000.nc,0.0,0.0,0.0,0.0,0.0
2024-09-29 00:30:00,escrito,,C:\Users\diani\Documents\repositories\nowcasting-bogota\data\cmip_l1b\CMIPC_20240929-003000.nc,0.0,0.0,0.0,0.0,0.0
2024-09-29 00:40:00,escrito,,C:\Users\diani\Documents\repositories\nowcasting-bogota\data\cmip_l1b\CMIPC_20240929-004000.nc,0.0,0.0,0.0,0.0,0.0
2024-09-29 00:50:00,escrito,,C:\Users\diani\Documents\repositories\nowcasting-bogota\data\cmip_l1b\CMIPC_20240929-005000.nc,0.0,0.0,0.0,0.0,0.0
2024-09-29 01:00:00,escrito,,C:\Users\diani\Documents\repositories\nowcasting-bogota\data\cmip_l1b\CMIPC_20240929-010000.nc,0.0,0.0,0.0,0.0,0.0
2024-09-29 01:10:00,escrito,,C:\Users\diani\Documents\repositories\nowcasting-bogota\data\cmip_l1b\CMIPC_20240929-011000.nc,0.0,0.0,0.0,0.0,0.0
2024-09-29 01:20:00,escrito,,C:\Users\diani\Documents\repositories\nowcasting-bogota\data\cmip_l1b\CMIPC_20240929-012000.nc,0.0,0.0,0.0,0.0,0.0
2024-09-29 01:30:00,escrito,,C:\Users\diani\Documents\repositories\nowcasting-bogota\data\cmip_l1b\CMIPC_20240929-013000.nc,0.0,0.0,0.0,0.0,0.0
2024-09-29 01:40:00,escrito,,C:\Users\diani\Documents\repositories\nowcasting-bogota\data\cmip_l1b\CMIPC_20240929-014000.nc,0.0,0.0,0.0,0.0,0.0
2024-09-29 01:50:00,escrito,,C:\Users\diani\Documents\repositories\nowcasting-bogota\data\cmip_l1b\CMIPC_20240929-015000.nc,0.0,0.0,0.0,0.0,0.0
2024-09-29 02:00:00,escrito,,C:\Users\diani\Documents\repositories\nowcasting-bogota\data\cmip_l1b\CMIPC_20240929-020000.nc,0.0,0.0,0.0,0.0,0.0
2024-09-29 02:10:00,escrito,,C:\Users\diani\Documents\repositories\nowcasting-bogota\data\cmip_l1b\CMIPC_20240929-021000.nc,0.0,0.0,0.0,0.0,0.0
2024-09-29 02:20:00,escrito,,C:\Users\diani\Documents\repositories\nowcasting-bogota\data\cmip_l1b\CMIPC_20240929-022000.nc,0.0,0.0,0.0,0.0,0.0
