timestamp,satelite,filepath,motivo
2024-01-13 07:20:00+00:00,G16,C:\Users\diani\Documents\repositories\nowcasting-bogota\data\cmip_cropped\CMIPC_20240113-072000.nc,parcial
2024-01-14 23:40:00+00:00,G16,C:\Users\diani\Documents\repositories\nowcasting-bogota\data\cmip_cropped\CMIPC_20240114-234000.nc,parcial
2024-01-15 05:00:00+00:00,G16,C:\Users\diani\Documents\repositories\nowcasting-bogota\data\cmip_cropped\CMIPC_20240115-050000.nc,parcial
2024-01-15 16:40:00+00:00,G16,C:\Users\diani\Documents\repositories\nowcasting-bogota\data\cmip_cropped\CMIPC_20240115-164000.nc,incompleto
2024-01-15 17:30:00+00:00,G16,C:\Users\diani\Documents\repositories\nowcasting-bogota\data\cmip_cropped\CMIPC_20240115-173000.nc,incompleto
2024-01-16 05:50:00+00:00,G16,C:\Users\diani\Documents\repositories\nowcasting-bogota\data\cmip_cropped\CMIPC_20240116-055000.nc,parcial
2024-01-16 06:50:00+00:00,G16,C:\Users\diani\Documents\repositories\nowcasting-bogota\data\cmip_cropped\CMIPC_20240116-065000.nc,parcial
2024-01-16 07:10:00+00:00,G16,C:\Users\diani\Documents\repositories\nowcasting-bogota\data\cmip_cropped\CMIPC_20240116-071000.nc,parcial
2024-01-16 09:30:00+00:00,G16,C:\Users\diani\Documents\repositories\nowcasting-bogota\data\cmip_cropped\CMIPC_20240116-093000.nc,parcial
2024-01-22 03:40:00+00:00,G16,C:\Users\diani\Documents\repositories\nowcasting-bogota\data\cmip_cropped\CMIPC_20240122-034000.nc,incompleto
2024-01-22 03:50:00+00:00,G16,C:\Users\diani\Documents\repositories\nowcasting-bogota\data\cmip_cropped\CMIPC_20240122-035000.nc,incompleto
2024-01-22 17:30:00+00:00,G16,C:\Users\diani\Documents\repositories\nowcasting-bogota\data\cmip_cropped\CMIPC_20240122-173000.nc,incompleto
2024-01-22 17:50:00+00:00,G16,C:\Users\diani\Documents\repositories\nowcasting-bogota\data\cmip_cropped\CMIPC_20240122-175000.nc,incompleto
2024-01-22 18:00:00+00:00,G16,C:\Users\diani\Documents\repositories\nowcasting-bogota\data\cmip_cropped\CMIPC_20240122-180000.nc,incompleto
2024-01-22 18:10:00+00:00,G16,C:\Users\diani\Documents\repositories\nowcasting-bogota\data\cmip_cropped\CMIPC_20240122-181000.nc,incompleto
2024-01-22 18:20:00+00:00,G16,C:\Users\diani\Documents\repositories\nowcasting-bogota\data\cmip_cropped\CMIPC_20240122-182000.nc,incompleto
2024-01-22 18:30:00+00:00,G16,C:\Users\diani\Documents\repositories\nowcasting-bogota\data\cmip_cropped\CMIPC_20240122-183000.nc,incompleto
2024-01-22 18:40:00+00:00,G16,C:\Users\diani\Documents\repositories\nowcasting-bogota\data\cmip_cropped\CMIPC_20240122-184000.nc,incompleto
2024-01-22 18:50:00+00:00,G16,C:\Users\diani\Documents\repositories\nowcasting-bogota\data\cmip_cropped\CMIPC_20240122-185000.nc,incompleto
2024-01-22 19:00:00+00:00,G16,C:\Users\diani\Documents\repositories\nowcasting-bogota\data\cmip_cropped\CMIPC_20240122-190000.nc,incompleto
2024-01-22 19:10:00+00:00,G16,C:\Users\diani\Documents\repositories\nowcasting-bogota\data\cmip_cropped\CMIPC_20240122-191000.nc,incompleto
2024-01-22 19:20:00+00:00,G16,C:\Users\diani\Documents\repositories\nowcasting-bogota\data\cmip_cropped\CMIPC_20240122-192000.nc,incompleto
2024-01-22 19:30:00+00:00,G16,C:\Users\diani\Documents\repositories\nowcasting-bogota\data\cmip_cropped\CMIPC_20240122-193000.nc,incompleto
2024-01-22 19:40:00+00:00,G16,C:\Users\diani\Documents\repositories\nowcasting-bogota\data\cmip_cropped\CMIPC_20240122-194000.nc,incompleto
2024-01-22 19:50:00+00:00,G16,C:\Users\diani\Documents\repositories\nowcasting-bogota\data\cmip_cropped\CMIPC_20240122-195000.nc,incompleto
2024-01-22 20:00:00+00:00,G16,C:\Users\diani\Documents\repositories\nowcasting-bogota\data\cmip_cropped\CMIPC_20240122-200000.nc,incompleto
2024-01-22 20:10:00+00:00,G16,C:\Users\diani\Documents\repositories\nowcasting-bogota\data\cmip_cropped\CMIPC_20240122-201000.nc,incompleto
2024-01-22 20:20:00+00:00,G16,C:\Users\diani\Documents\repositories\nowcasting-bogota\data\cmip_cropped\CMIPC_20240122-202000.nc,incompleto
2024-01-22 20:30:00+00:00,G16,C:\Users\diani\Documents\repositories\nowcasting-bogota\data\cmip_cropped\CMIPC_20240122-203000.nc,incompleto
2024-01-22 20:40:00+00:00,G16,C:\Users\diani\Documents\repositories\nowcasting-bogota\data\cmip_cropped\CMIPC_20240122-204000.nc,incompleto
2024-01-23 06:40:00+00:00,G16,C:\Users\diani\Documents\repositories\nowcasting-bogota\data\cmip_cropped\CMIPC_20240123-064000.nc,incompleto
2024-01-23 21:00:00+00:00,G16,C:\Users\diani\Documents\repositories\nowcasting-bogota\data\cmip_cropped\CMIPC_20240123-210000.nc,incompleto
2024-01-25 12:40:00+00:00,G16,C:\Users\diani\Documents\repositories\nowcasting-bogota\data\cmip_cropped\CMIPC_20240125-124000.nc,incompleto
2024-01-26 19:00:00+00:00,G16,C:\Users\diani\Documents\repositories\nowcasting-bogota\data\cmip_cropped\CMIPC_20240126-190000.nc,incompleto
2024-01-26 19:10:00+00:00,G16,C:\Users\diani\Documents\repositories\nowcasting-bogota\data\cmip_cropped\CMIPC_20240126-191000.nc,incompleto
2024-01-26 19:20:00+00:00,G16,C:\Users\diani\Documents\repositories\nowcasting-bogota\data\cmip_cropped\CMIPC_20240126-192000.nc,incompleto
2024-01-26 19:30:00+00:00,G16,C:\Users\diani\Documents\repositories\nowcasting-bogota\data\cmip_cropped\CMIPC_20240126-193000.nc,incompleto
2024-01-26 19:40:00+00:00,G16,C:\Users\diani\Documents\repositories\nowcasting-bogota\data\cmip_cropped\CMIPC_20240126-194000.nc,incompleto
2024-01-26 19:50:00+00:00,G16,C:\Users\diani\Documents\repositories\nowcasting-bogota\data\cmip_cropped\CMIPC_20240126-195000.nc,incompleto
2024-01-26 20:00:00+00:00,G16,C:\Users\diani\Documents\repositories\nowcasting-bogota\data\cmip_cropped\CMIPC_20240126-200000.nc,incompleto
2024-01-26 20:10:00+00:00,G16,C:\Users\diani\Documents\repositories\nowcasting-bogota\data\cmip_cropped\CMIPC_20240126-201000.nc,incompleto
2024-02-05 11:10:00+00:00,G16,C:\Users\diani\Documents\repositories\nowcasting-bogota\data\cmip_cropped\CMIPC_20240205-111000.nc,incompleto
2024-02-06 13:50:00+00:00,G16,C:\Users\diani\Documents\repositories\nowcasting-bogota\data\cmip_cropped\CMIPC_20240206-135000.nc,incompleto
2024-02-06 15:00:00+00:00,G16,C:\Users\diani\Documents\repositories\nowcasting-bogota\data\cmip_cropped\CMIPC_20240206-150000.nc,incompleto
2024-02-06 16:50:00+00:00,G16,C:\Users\diani\Documents\repositories\nowcasting-bogota\data\cmip_cropped\CMIPC_20240206-165000.nc,incompleto
2024-02-13 17:00:00+00:00,G16,C:\Users\diani\Documents\repositories\nowcasting-bogota\data\cmip_cropped\CMIPC_20240213-170000.nc,incompleto
2024-02-15 15:00:00+00:00,G16,C:\Users\diani\Documents\repositories\nowcasting-bogota\data\cmip_cropped\CMIPC_20240215-150000.nc,verif_incorrecto
2024-02-15 15:10:00+00:00,G16,C:\Users\diani\Documents\repositories\nowcasting-bogota\data\cmip_cropped\CMIPC_20240215-151000.nc,verif_incorrecto
2024-02-19 11:10:00+00:00,G16,C:\Users\diani\Documents\repositories\nowcasting-bogota\data\cmip_cropped\CMIPC_20240219-111000.nc,incompleto
2024-03-10 03:30:00+00:00,G16,C:\Users\diani\Documents\repositories\nowcasting-bogota\data\cmip_cropped\CMIPC_20240310-033000.nc,parcial
2024-03-20 15:30:00+00:00,G16,C:\Users\diani\Documents\repositories\nowcasting-bogota\data\cmip_cropped\CMIPC_20240320-153000.nc,incompleto
2024-03-20 16:00:00+00:00,G16,C:\Users\diani\Documents\repositories\nowcasting-bogota\data\cmip_cropped\CMIPC_20240320-160000.nc,incompleto
2024-03-20 17:50:00+00:00,G16,C:\Users\diani\Documents\repositories\nowcasting-bogota\data\cmip_cropped\CMIPC_20240320-175000.nc,incompleto
2024-03-20 18:00:00+00:00,G16,C:\Users\diani\Documents\repositories\nowcasting-bogota\data\cmip_cropped\CMIPC_20240320-180000.nc,incompleto
2024-03-20 18:10:00+00:00,G16,C:\Users\diani\Documents\repositories\nowcasting-bogota\data\cmip_cropped\CMIPC_20240320-181000.nc,incompleto
2024-03-20 18:20:00+00:00,G16,C:\Users\diani\Documents\repositories\nowcasting-bogota\data\cmip_cropped\CMIPC_20240320-182000.nc,incompleto
2024-03-20 18:30:00+00:00,G16,C:\Users\diani\Documents\repositories\nowcasting-bogota\data\cmip_cropped\CMIPC_20240320-183000.nc,incompleto
2024-03-20 18:40:00+00:00,G16,C:\Users\diani\Documents\repositories\nowcasting-bogota\data\cmip_cropped\CMIPC_20240320-184000.nc,incompleto
2024-03-20 18:50:00+00:00,G16,C:\Users\diani\Documents\repositories\nowcasting-bogota\data\cmip_cropped\CMIPC_20240320-185000.nc,incompleto
2024-03-20 19:00:00+00:00,G16,C:\Users\diani\Documents\repositories\nowcasting-bogota\data\cmip_cropped\CMIPC_20240320-190000.nc,incompleto
2024-03-21 18:20:00+00:00,G16,C:\Users\diani\Documents\repositories\nowcasting-bogota\data\cmip_cropped\CMIPC_20240321-182000.nc,incompleto
2024-03-21 18:30:00+00:00,G16,C:\Users\diani\Documents\repositories\nowcasting-bogota\data\cmip_cropped\CMIPC_20240321-183000.nc,incompleto
2024-03-26 15:30:00+00:00,G16,C:\Users\diani\Documents\repositories\nowcasting-bogota\data\cmip_cropped\CMIPC_20240326-153000.nc,incompleto
2024-04-01 11:00:00+00:00,G16,C:\Users\diani\Documents\repositories\nowcasting-bogota\data\cmip_cropped\CMIPC_20240401-110000.nc,incompleto
2024-04-15 10:30:00+00:00,G16,C:\Users\diani\Documents\repositories\nowcasting-bogota\data\cmip_cropped\CMIPC_20240415-103000.nc,parcial
2024-04-15 11:00:00+00:00,G16,C:\Users\diani\Documents\repositories\nowcasting-bogota\data\cmip_cropped\CMIPC_20240415-110000.nc,incompleto
2024-04-16 13:10:00+00:00,G16,C:\Users\diani\Documents\repositories\nowcasting-bogota\data\cmip_cropped\CMIPC_20240416-131000.nc,parcial
2024-04-20 15:10:00+00:00,G16,C:\Users\diani\Documents\repositories\nowcasting-bogota\data\cmip_cropped\CMIPC_20240420-151000.nc,incompleto
2024-04-20 15:20:00+00:00,G16,C:\Users\diani\Documents\repositories\nowcasting-bogota\data\cmip_cropped\CMIPC_20240420-152000.nc,incompleto
2024-05-08 23:20:00+00:00,G16,C:\Users\diani\Documents\repositories\nowcasting-bogota\data\cmip_cropped\CMIPC_20240508-232000.nc,incompleto
2024-05-08 23:30:00+00:00,G16,C:\Users\diani\Documents\repositories\nowcasting-bogota\data\cmip_cropped\CMIPC_20240508-233000.nc,incompleto
2024-05-29 16:30:00+00:00,G16,C:\Users\diani\Documents\repositories\nowcasting-bogota\data\cmip_cropped\CMIPC_20240529-163000.nc,incompleto
2024-06-06 05:30:00+00:00,G16,C:\Users\diani\Documents\repositories\nowcasting-bogota\data\cmip_cropped\CMIPC_20240606-053000.nc,incompleto
2024-06-06 05:40:00+00:00,G16,C:\Users\diani\Documents\repositories\nowcasting-bogota\data\cmip_cropped\CMIPC_20240606-054000.nc,parcial
2024-06-10 11:00:00+00:00,G16,C:\Users\diani\Documents\repositories\nowcasting-bogota\data\cmip_cropped\CMIPC_20240610-110000.nc,incompleto
2024-06-11 02:20:00+00:00,G16,C:\Users\diani\Documents\repositories\nowcasting-bogota\data\cmip_cropped\CMIPC_20240611-022000.nc,incompleto
2024-06-11 02:30:00+00:00,G16,C:\Users\diani\Documents\repositories\nowcasting-bogota\data\cmip_cropped\CMIPC_20240611-023000.nc,incompleto
2024-06-25 19:00:00+00:00,G16,C:\Users\diani\Documents\repositories\nowcasting-bogota\data\cmip_cropped\CMIPC_20240625-190000.nc,incompleto
2024-06-25 19:10:00+00:00,G16,C:\Users\diani\Documents\repositories\nowcasting-bogota\data\cmip_cropped\CMIPC_20240625-191000.nc,incompleto
2024-06-26 17:50:00+00:00,G16,C:\Users\diani\Documents\repositories\nowcasting-bogota\data\cmip_cropped\CMIPC_20240626-175000.nc,parcial
2024-07-02 16:50:00+00:00,G16,C:\Users\diani\Documents\repositories\nowcasting-bogota\data\cmip_cropped\CMIPC_20240702-165000.nc,incompleto
2024-07-02 17:00:00+00:00,G16,C:\Users\diani\Documents\repositories\nowcasting-bogota\data\cmip_cropped\CMIPC_20240702-170000.nc,incompleto
2024-07-02 17:10:00+00:00,G16,C:\Users\diani\Documents\repositories\nowcasting-bogota\data\cmip_cropped\CMIPC_20240702-171000.nc,incompleto
2024-07-02 17:30:00+00:00,G16,C:\Users\diani\Documents\repositories\nowcasting-bogota\data\cmip_cropped\CMIPC_20240702-173000.nc,incompleto
2024-07-02 17:40:00+00:00,G16,C:\Users\diani\Documents\repositories\nowcasting-bogota\data\cmip_cropped\CMIPC_20240702-174000.nc,incompleto
2024-07-02 17:50:00+00:00,G16,C:\Users\diani\Documents\repositories\nowcasting-bogota\data\cmip_cropped\CMIPC_20240702-175000.nc,incompleto
2024-07-02 18:00:00+00:00,G16,C:\Users\diani\Documents\repositories\nowcasting-bogota\data\cmip_cropped\CMIPC_20240702-180000.nc,incompleto
2024-07-02 18:10:00+00:00,G16,C:\Users\diani\Documents\repositories\nowcasting-bogota\data\cmip_cropped\CMIPC_20240702-181000.nc,incompleto
2024-07-08 11:00:00+00:00,G16,C:\Users\diani\Documents\repositories\nowcasting-bogota\data\cmip_cropped\CMIPC_20240708-110000.nc,parcial
2024-07-08 13:00:00+00:00,G16,C:\Users\diani\Documents\repositories\nowcasting-bogota\data\cmip_cropped\CMIPC_20240708-130000.nc,incompleto
2024-07-08 13:10:00+00:00,G16,C:\Users\diani\Documents\repositories\nowcasting-bogota\data\cmip_cropped\CMIPC_20240708-131000.nc,incompleto
2024-07-08 13:20:00+00:00,G16,C:\Users\diani\Documents\repositories\nowcasting-bogota\data\cmip_cropped\CMIPC_20240708-132000.nc,incompleto
2024-07-08 13:30:00+00:00,G16,C:\Users\diani\Documents\repositories\nowcasting-bogota\data\cmip_cropped\CMIPC_20240708-133000.nc,incompleto
2024-07-09 17:40:00+00:00,G16,C:\Users\diani\Documents\repositories\nowcasting-bogota\data\cmip_cropped\CMIPC_20240709-174000.nc,incompleto
2024-08-01 15:20:00+00:00,G16,C:\Users\diani\Documents\repositories\nowcasting-bogota\data\cmip_cropped\CMIPC_20240801-152000.nc,parcial
2024-08-09 18:20:00+00:00,G16,C:\Users\diani\Documents\repositories\nowcasting-bogota\data\cmip_cropped\CMIPC_20240809-182000.nc,parcial
2024-08-19 11:00:00+00:00,G16,C:\Users\diani\Documents\repositories\nowcasting-bogota\data\cmip_cropped\CMIPC_20240819-110000.nc,incompleto
2024-09-02 11:00:00+00:00,G16,C:\Users\diani\Documents\repositories\nowcasting-bogota\data\cmip_cropped\CMIPC_20240902-110000.nc,incompleto
2024-09-08 21:10:00+00:00,G16,C:\Users\diani\Documents\repositories\nowcasting-bogota\data\cmip_cropped\CMIPC_20240908-211000.nc,parcial
2024-09-08 21:20:00+00:00,G16,C:\Users\diani\Documents\repositories\nowcasting-bogota\data\cmip_cropped\CMIPC_20240908-212000.nc,incompleto
2024-09-08 21:50:00+00:00,G16,C:\Users\diani\Documents\repositories\nowcasting-bogota\data\cmip_cropped\CMIPC_20240908-215000.nc,incompleto
2024-09-08 22:00:00+00:00,G16,C:\Users\diani\Documents\repositories\nowcasting-bogota\data\cmip_cropped\CMIPC_20240908-220000.nc,incompleto
2024-09-08 22:10:00+00:00,G16,C:\Users\diani\Documents\repositories\nowcasting-bogota\data\cmip_cropped\CMIPC_20240908-221000.nc,incompleto
2024-09-08 22:20:00+00:00,G16,C:\Users\diani\Documents\repositories\nowcasting-bogota\data\cmip_cropped\CMIPC_20240908-222000.nc,incompleto
2024-09-08 22:40:00+00:00,G16,C:\Users\diani\Documents\repositories\nowcasting-bogota\data\cmip_cropped\CMIPC_20240908-224000.nc,incompleto
2024-09-08 23:00:00+00:00,G16,C:\Users\diani\Documents\repositories\nowcasting-bogota\data\cmip_cropped\CMIPC_20240908-230000.nc,incompleto
2024-09-08 23:10:00+00:00,G16,C:\Users\diani\Documents\repositories\nowcasting-bogota\data\cmip_cropped\CMIPC_20240908-231000.nc,incompleto
2024-09-08 23:20:00+00:00,G16,C:\Users\diani\Documents\repositories\nowcasting-bogota\data\cmip_cropped\CMIPC_20240908-232000.nc,incompleto
2024-09-09 00:00:00+00:00,G16,C:\Users\diani\Documents\repositories\nowcasting-bogota\data\cmip_cropped\CMIPC_20240909-000000.nc,incompleto
2024-09-09 00:10:00+00:00,G16,C:\Users\diani\Documents\repositories\nowcasting-bogota\data\cmip_cropped\CMIPC_20240909-001000.nc,incompleto
2024-09-09 00:30:00+00:00,G16,C:\Users\diani\Documents\repositories\nowcasting-bogota\data\cmip_cropped\CMIPC_20240909-003000.nc,incompleto
2024-09-09 00:40:00+00:00,G16,C:\Users\diani\Documents\repositories\nowcasting-bogota\data\cmip_cropped\CMIPC_20240909-004000.nc,incompleto
2024-09-09 15:30:00+00:00,G16,C:\Users\diani\Documents\repositories\nowcasting-bogota\data\cmip_cropped\CMIPC_20240909-153000.nc,incompleto
2024-09-09 15:40:00+00:00,G16,C:\Users\diani\Documents\repositories\nowcasting-bogota\data\cmip_cropped\CMIPC_20240909-154000.nc,incompleto
2024-09-09 15:50:00+00:00,G16,C:\Users\diani\Documents\repositories\nowcasting-bogota\data\cmip_cropped\CMIPC_20240909-155000.nc,incompleto
2024-09-09 16:00:00+00:00,G16,C:\Users\diani\Documents\repositories\nowcasting-bogota\data\cmip_cropped\CMIPC_20240909-160000.nc,incompleto
2024-09-09 16:10:00+00:00,G16,C:\Users\diani\Documents\repositories\nowcasting-bogota\data\cmip_cropped\CMIPC_20240909-161000.nc,incompleto
2024-09-09 16:20:00+00:00,G16,C:\Users\diani\Documents\repositories\nowcasting-bogota\data\cmip_cropped\CMIPC_20240909-162000.nc,incompleto
2024-09-09 16:30:00+00:00,G16,C:\Users\diani\Documents\repositories\nowcasting-bogota\data\cmip_cropped\CMIPC_20240909-163000.nc,incompleto
2024-09-09 16:40:00+00:00,G16,C:\Users\diani\Documents\repositories\nowcasting-bogota\data\cmip_cropped\CMIPC_20240909-164000.nc,incompleto
2024-09-09 16:50:00+00:00,G16,C:\Users\diani\Documents\repositories\nowcasting-bogota\data\cmip_cropped\CMIPC_20240909-165000.nc,incompleto
2024-09-09 17:00:00+00:00,G16,C:\Users\diani\Documents\repositories\nowcasting-bogota\data\cmip_cropped\CMIPC_20240909-170000.nc,incompleto
2024-09-16 10:50:00+00:00,G16,C:\Users\diani\Documents\repositories\nowcasting-bogota\data\cmip_cropped\CMIPC_20240916-105000.nc,incompleto
2024-09-28 08:30:00+00:00,G16,C:\Users\diani\Documents\repositories\nowcasting-bogota\data\cmip_cropped\CMIPC_20240928-083000.nc,incompleto
2024-09-28 15:00:00+00:00,G16,C:\Users\diani\Documents\repositories\nowcasting-bogota\data\cmip_cropped\CMIPC_20240928-150000.nc,incompleto
2024-09-28 15:10:00+00:00,G16,C:\Users\diani\Documents\repositories\nowcasting-bogota\data\cmip_cropped\CMIPC_20240928-151000.nc,incompleto
2024-09-28 15:40:00+00:00,G16,C:\Users\diani\Documents\repositories\nowcasting-bogota\data\cmip_cropped\CMIPC_20240928-154000.nc,incompleto
2024-09-28 16:20:00+00:00,G16,C:\Users\diani\Documents\repositories\nowcasting-bogota\data\cmip_cropped\CMIPC_20240928-162000.nc,incompleto
2024-09-28 16:30:00+00:00,G16,C:\Users\diani\Documents\repositories\nowcasting-bogota\data\cmip_cropped\CMIPC_20240928-163000.nc,incompleto
2024-09-28 16:40:00+00:00,G16,C:\Users\diani\Documents\repositories\nowcasting-bogota\data\cmip_cropped\CMIPC_20240928-164000.nc,incompleto
2024-09-28 16:50:00+00:00,G16,C:\Users\diani\Documents\repositories\nowcasting-bogota\data\cmip_cropped\CMIPC_20240928-165000.nc,incompleto
2024-09-28 17:10:00+00:00,G16,C:\Users\diani\Documents\repositories\nowcasting-bogota\data\cmip_cropped\CMIPC_20240928-171000.nc,incompleto
2024-09-28 17:20:00+00:00,G16,C:\Users\diani\Documents\repositories\nowcasting-bogota\data\cmip_cropped\CMIPC_20240928-172000.nc,incompleto
2024-09-30 10:50:00+00:00,G16,C:\Users\diani\Documents\repositories\nowcasting-bogota\data\cmip_cropped\CMIPC_20240930-105000.nc,incompleto
2024-10-01 17:10:00+00:00,G16,C:\Users\diani\Documents\repositories\nowcasting-bogota\data\cmip_cropped\CMIPC_20241001-171000.nc,incompleto
2024-10-02 11:00:00+00:00,G16,C:\Users\diani\Documents\repositories\nowcasting-bogota\data\cmip_cropped\CMIPC_20241002-110000.nc,incompleto
2024-10-02 17:40:00+00:00,G16,C:\Users\diani\Documents\repositories\nowcasting-bogota\data\cmip_cropped\CMIPC_20241002-174000.nc,incompleto
2024-10-03 18:50:00+00:00,G16,C:\Users\diani\Documents\repositories\nowcasting-bogota\data\cmip_cropped\CMIPC_20241003-185000.nc,incompleto
2024-10-03 19:10:00+00:00,G16,C:\Users\diani\Documents\repositories\nowcasting-bogota\data\cmip_cropped\CMIPC_20241003-191000.nc,parcial
2024-10-03 19:40:00+00:00,G16,C:\Users\diani\Documents\repositories\nowcasting-bogota\data\cmip_cropped\CMIPC_20241003-194000.nc,parcial
2024-10-03 19:50:00+00:00,G16,C:\Users\diani\Documents\repositories\nowcasting-bogota\data\cmip_cropped\CMIPC_20241003-195000.nc,parcial
2024-10-03 20:20:00+00:00,G16,C:\Users\diani\Documents\repositories\nowcasting-bogota\data\cmip_cropped\CMIPC_20241003-202000.nc,parcial
2024-10-03 21:40:00+00:00,G16,C:\Users\diani\Documents\repositories\nowcasting-bogota\data\cmip_cropped\CMIPC_20241003-214000.nc,parcial
2024-10-04 15:50:00+00:00,G16,C:\Users\diani\Documents\repositories\nowcasting-bogota\data\cmip_cropped\CMIPC_20241004-155000.nc,incompleto
2024-10-04 16:20:00+00:00,G16,C:\Users\diani\Documents\repositories\nowcasting-bogota\data\cmip_cropped\CMIPC_20241004-162000.nc,incompleto
2024-10-05 08:30:00+00:00,G16,C:\Users\diani\Documents\repositories\nowcasting-bogota\data\cmip_cropped\CMIPC_20241005-083000.nc,incompleto
2024-10-07 16:30:00+00:00,G16,C:\Users\diani\Documents\repositories\nowcasting-bogota\data\cmip_cropped\CMIPC_20241007-163000.nc,incompleto
2024-10-07 23:30:00+00:00,G16,C:\Users\diani\Documents\repositories\nowcasting-bogota\data\cmip_cropped\CMIPC_20241007-233000.nc,incompleto
2024-10-14 10:40:00+00:00,G16,C:\Users\diani\Documents\repositories\nowcasting-bogota\data\cmip_cropped\CMIPC_20241014-104000.nc,incompleto
2024-10-15 14:20:00+00:00,G16,C:\Users\diani\Documents\repositories\nowcasting-bogota\data\cmip_cropped\CMIPC_20241015-142000.nc,incompleto
2024-10-29 10:20:00+00:00,G16,C:\Users\diani\Documents\repositories\nowcasting-bogota\data\cmip_cropped\CMIPC_20241029-102000.nc,incompleto
2024-11-14 01:20:00+00:00,G16,C:\Users\diani\Documents\repositories\nowcasting-bogota\data\cmip_cropped\CMIPC_20241114-012000.nc,incompleto
2024-11-14 01:30:00+00:00,G16,C:\Users\diani\Documents\repositories\nowcasting-bogota\data\cmip_cropped\CMIPC_20241114-013000.nc,incompleto
2024-11-15 01:00:00+00:00,G16,C:\Users\diani\Documents\repositories\nowcasting-bogota\data\cmip_cropped\CMIPC_20241115-010000.nc,incompleto
2024-11-15 01:10:00+00:00,G16,C:\Users\diani\Documents\repositories\nowcasting-bogota\data\cmip_cropped\CMIPC_20241115-011000.nc,incompleto
2024-11-15 01:20:00+00:00,G16,C:\Users\diani\Documents\repositories\nowcasting-bogota\data\cmip_cropped\CMIPC_20241115-012000.nc,incompleto
2024-11-15 17:20:00+00:00,G16,C:\Users\diani\Documents\repositories\nowcasting-bogota\data\cmip_cropped\CMIPC_20241115-172000.nc,incompleto
2024-11-17 11:20:00+00:00,G16,C:\Users\diani\Documents\repositories\nowcasting-bogota\data\cmip_cropped\CMIPC_20241117-112000.nc,incompleto
2024-11-22 17:10:00+00:00,G16,C:\Users\diani\Documents\repositories\nowcasting-bogota\data\cmip_cropped\CMIPC_20241122-171000.nc,parcial
2024-12-06 07:50:00+00:00,G16,C:\Users\diani\Documents\repositories\nowcasting-bogota\data\cmip_cropped\CMIPC_20241206-075000.nc,incompleto
2024-12-06 11:30:00+00:00,G16,C:\Users\diani\Documents\repositories\nowcasting-bogota\data\cmip_cropped\CMIPC_20241206-113000.nc,incompleto
2024-12-11 16:10:00+00:00,G16,C:\Users\diani\Documents\repositories\nowcasting-bogota\data\cmip_cropped\CMIPC_20241211-161000.nc,incompleto
2024-12-11 19:10:00+00:00,G16,C:\Users\diani\Documents\repositories\nowcasting-bogota\data\cmip_cropped\CMIPC_20241211-191000.nc,incompleto
2024-12-20 05:40:00+00:00,G16,C:\Users\diani\Documents\repositories\nowcasting-bogota\data\cmip_cropped\CMIPC_20241220-054000.nc,incompleto
2024-12-20 05:50:00+00:00,G16,C:\Users\diani\Documents\repositories\nowcasting-bogota\data\cmip_cropped\CMIPC_20241220-055000.nc,incompleto
2024-12-20 06:00:00+00:00,G16,C:\Users\diani\Documents\repositories\nowcasting-bogota\data\cmip_cropped\CMIPC_20241220-060000.nc,incompleto
2025-01-06 11:00:00+00:00,G16,C:\Users\diani\Documents\repositories\nowcasting-bogota\data\cmip_cropped\CMIPC_20250106-110000.nc,incompleto
2025-01-07 19:30:00+00:00,G16,C:\Users\diani\Documents\repositories\nowcasting-bogota\data\cmip_cropped\CMIPC_20250107-193000.nc,incompleto
2025-01-20 11:10:00+00:00,G16,C:\Users\diani\Documents\repositories\nowcasting-bogota\data\cmip_cropped\CMIPC_20250120-111000.nc,incompleto
2025-01-22 16:50:00+00:00,G16,C:\Users\diani\Documents\repositories\nowcasting-bogota\data\cmip_cropped\CMIPC_20250122-165000.nc,incompleto
2025-01-31 21:20:00+00:00,G16,C:\Users\diani\Documents\repositories\nowcasting-bogota\data\cmip_cropped\CMIPC_20250131-212000.nc,incompleto
2025-01-31 21:30:00+00:00,G16,C:\Users\diani\Documents\repositories\nowcasting-bogota\data\cmip_cropped\CMIPC_20250131-213000.nc,incompleto
2025-01-31 21:40:00+00:00,G16,C:\Users\diani\Documents\repositories\nowcasting-bogota\data\cmip_cropped\CMIPC_20250131-214000.nc,incompleto
2025-01-31 21:50:00+00:00,G16,C:\Users\diani\Documents\repositories\nowcasting-bogota\data\cmip_cropped\CMIPC_20250131-215000.nc,incompleto
2025-01-31 22:00:00+00:00,G16,C:\Users\diani\Documents\repositories\nowcasting-bogota\data\cmip_cropped\CMIPC_20250131-220000.nc,incompleto
2025-02-04 16:30:00+00:00,G16,C:\Users\diani\Documents\repositories\nowcasting-bogota\data\cmip_cropped\CMIPC_20250204-163000.nc,parcial
2025-02-24 01:20:00+00:00,G16,C:\Users\diani\Documents\repositories\nowcasting-bogota\data\cmip_cropped\CMIPC_20250224-012000.nc,incompleto
2025-02-24 01:50:00+00:00,G16,C:\Users\diani\Documents\repositories\nowcasting-bogota\data\cmip_cropped\CMIPC_20250224-015000.nc,fuera_rango
2025-02-28 23:10:00+00:00,G16,C:\Users\diani\Documents\repositories\nowcasting-bogota\data\cmip_cropped\CMIPC_20250228-231000.nc,incompleto
2025-03-03 19:10:00+00:00,G16,C:\Users\diani\Documents\repositories\nowcasting-bogota\data\cmip_cropped\CMIPC_20250303-191000.nc,incompleto
2025-03-06 11:00:00+00:00,G16,C:\Users\diani\Documents\repositories\nowcasting-bogota\data\cmip_cropped\CMIPC_20250306-110000.nc,incompleto
2025-03-08 03:30:00+00:00,G16,C:\Users\diani\Documents\repositories\nowcasting-bogota\data\cmip_cropped\CMIPC_20250308-033000.nc,parcial
2025-03-11 14:10:00+00:00,G16,C:\Users\diani\Documents\repositories\nowcasting-bogota\data\cmip_cropped\CMIPC_20250311-141000.nc,incompleto
2025-03-14 16:40:00+00:00,G16,C:\Users\diani\Documents\repositories\nowcasting-bogota\data\cmip_cropped\CMIPC_20250314-164000.nc,parcial
2025-03-14 18:10:00+00:00,G16,C:\Users\diani\Documents\repositories\nowcasting-bogota\data\cmip_cropped\CMIPC_20250314-181000.nc,parcial
2025-03-18 15:40:00+00:00,G16,C:\Users\diani\Documents\repositories\nowcasting-bogota\data\cmip_cropped\CMIPC_20250318-154000.nc,incompleto
2025-03-19 22:40:00+00:00,G16,C:\Users\diani\Documents\repositories\nowcasting-bogota\data\cmip_cropped\CMIPC_20250319-224000.nc,parcial
2025-03-31 11:00:00+00:00,G16,C:\Users\diani\Documents\repositories\nowcasting-bogota\data\cmip_cropped\CMIPC_20250331-110000.nc,incompleto
2025-04-07 17:30:00+00:00,G19,C:\Users\diani\Documents\repositories\nowcasting-bogota\data\cmip_cropped\CMIPC_20250407-173000.nc,incompleto
2025-04-09 15:50:00+00:00,G19,C:\Users\diani\Documents\repositories\nowcasting-bogota\data\cmip_cropped\CMIPC_20250409-155000.nc,incompleto
2025-04-09 17:40:00+00:00,G19,C:\Users\diani\Documents\repositories\nowcasting-bogota\data\cmip_cropped\CMIPC_20250409-174000.nc,incompleto
2025-04-11 08:00:00+00:00,G19,C:\Users\diani\Documents\repositories\nowcasting-bogota\data\cmip_cropped\CMIPC_20250411-080000.nc,incompleto
2025-04-14 23:00:00+00:00,G19,C:\Users\diani\Documents\repositories\nowcasting-bogota\data\cmip_cropped\CMIPC_20250414-230000.nc,incompleto
2025-05-01 14:00:00+00:00,G19,C:\Users\diani\Documents\repositories\nowcasting-bogota\data\cmip_cropped\CMIPC_20250501-140000.nc,parcial
2025-05-02 17:00:00+00:00,G19,C:\Users\diani\Documents\repositories\nowcasting-bogota\data\cmip_cropped\CMIPC_20250502-170000.nc,parcial
2025-05-05 22:50:00+00:00,G19,C:\Users\diani\Documents\repositories\nowcasting-bogota\data\cmip_cropped\CMIPC_20250505-225000.nc,incompleto
2025-05-17 22:50:00+00:00,G19,C:\Users\diani\Documents\repositories\nowcasting-bogota\data\cmip_cropped\CMIPC_20250517-225000.nc,incompleto
2025-06-01 10:40:00+00:00,G19,C:\Users\diani\Documents\repositories\nowcasting-bogota\data\cmip_cropped\CMIPC_20250601-104000.nc,incompleto
2025-06-01 11:00:00+00:00,G19,C:\Users\diani\Documents\repositories\nowcasting-bogota\data\cmip_cropped\CMIPC_20250601-110000.nc,incompleto
2025-06-02 08:20:00+00:00,G19,C:\Users\diani\Documents\repositories\nowcasting-bogota\data\cmip_cropped\CMIPC_20250602-082000.nc,incompleto
2025-06-13 23:00:00+00:00,G19,C:\Users\diani\Documents\repositories\nowcasting-bogota\data\cmip_cropped\CMIPC_20250613-230000.nc,incompleto
2025-06-25 14:30:00+00:00,G19,C:\Users\diani\Documents\repositories\nowcasting-bogota\data\cmip_cropped\CMIPC_20250625-143000.nc,parcial
2025-06-27 12:00:00+00:00,G19,C:\Users\diani\Documents\repositories\nowcasting-bogota\data\cmip_cropped\CMIPC_20250627-120000.nc,incompleto
2025-06-29 16:00:00+00:00,G19,C:\Users\diani\Documents\repositories\nowcasting-bogota\data\cmip_cropped\CMIPC_20250629-160000.nc,incompleto
2025-06-29 16:50:00+00:00,G19,C:\Users\diani\Documents\repositories\nowcasting-bogota\data\cmip_cropped\CMIPC_20250629-165000.nc,incompleto
2025-07-03 18:50:00+00:00,G19,C:\Users\diani\Documents\repositories\nowcasting-bogota\data\cmip_cropped\CMIPC_20250703-185000.nc,parcial
2025-07-05 00:10:00+00:00,G19,C:\Users\diani\Documents\repositories\nowcasting-bogota\data\cmip_cropped\CMIPC_20250705-001000.nc,incompleto
2025-07-06 10:40:00+00:00,G19,C:\Users\diani\Documents\repositories\nowcasting-bogota\data\cmip_cropped\CMIPC_20250706-104000.nc,incompleto
2025-07-06 14:00:00+00:00,G19,C:\Users\diani\Documents\repositories\nowcasting-bogota\data\cmip_cropped\CMIPC_20250706-140000.nc,incompleto
2025-07-07 14:30:00+00:00,G19,C:\Users\diani\Documents\repositories\nowcasting-bogota\data\cmip_cropped\CMIPC_20250707-143000.nc,incompleto
2025-07-07 23:00:00+00:00,G19,C:\Users\diani\Documents\repositories\nowcasting-bogota\data\cmip_cropped\CMIPC_20250707-230000.nc,incompleto
2025-07-08 15:00:00+00:00,G19,C:\Users\diani\Documents\repositories\nowcasting-bogota\data\cmip_cropped\CMIPC_20250708-150000.nc,incompleto
2025-07-20 21:50:00+00:00,G19,C:\Users\diani\Documents\repositories\nowcasting-bogota\data\cmip_cropped\CMIPC_20250720-215000.nc,parcial
2025-07-21 10:30:00+00:00,G19,C:\Users\diani\Documents\repositories\nowcasting-bogota\data\cmip_cropped\CMIPC_20250721-103000.nc,incompleto
2025-07-21 23:00:00+00:00,G19,C:\Users\diani\Documents\repositories\nowcasting-bogota\data\cmip_cropped\CMIPC_20250721-230000.nc,incompleto
2025-07-27 18:00:00+00:00,G19,C:\Users\diani\Documents\repositories\nowcasting-bogota\data\cmip_cropped\CMIPC_20250727-180000.nc,parcial
2025-08-04 23:00:00+00:00,G19,C:\Users\diani\Documents\repositories\nowcasting-bogota\data\cmip_cropped\CMIPC_20250804-230000.nc,incompleto
2025-08-17 18:00:00+00:00,G19,C:\Users\diani\Documents\repositories\nowcasting-bogota\data\cmip_cropped\CMIPC_20250817-180000.nc,parcial
2025-08-20 18:50:00+00:00,G19,C:\Users\diani\Documents\repositories\nowcasting-bogota\data\cmip_cropped\CMIPC_20250820-185000.nc,incompleto
2025-09-01 23:00:00+00:00,G19,C:\Users\diani\Documents\repositories\nowcasting-bogota\data\cmip_cropped\CMIPC_20250901-230000.nc,incompleto
2025-09-12 06:50:00+00:00,G19,C:\Users\diani\Documents\repositories\nowcasting-bogota\data\cmip_cropped\CMIPC_20250912-065000.nc,incompleto
2025-09-15 23:50:00+00:00,G19,C:\Users\diani\Documents\repositories\nowcasting-bogota\data\cmip_cropped\CMIPC_20250915-235000.nc,incompleto
2025-09-16 00:00:00+00:00,G19,C:\Users\diani\Documents\repositories\nowcasting-bogota\data\cmip_cropped\CMIPC_20250916-000000.nc,incompleto
2025-09-16 00:10:00+00:00,G19,C:\Users\diani\Documents\repositories\nowcasting-bogota\data\cmip_cropped\CMIPC_20250916-001000.nc,incompleto
2025-09-16 00:20:00+00:00,G19,C:\Users\diani\Documents\repositories\nowcasting-bogota\data\cmip_cropped\CMIPC_20250916-002000.nc,incompleto
2025-09-16 00:30:00+00:00,G19,C:\Users\diani\Documents\repositories\nowcasting-bogota\data\cmip_cropped\CMIPC_20250916-003000.nc,incompleto
2025-09-18 15:20:00+00:00,G19,C:\Users\diani\Documents\repositories\nowcasting-bogota\data\cmip_cropped\CMIPC_20250918-152000.nc,incompleto
2025-09-23 12:10:00+00:00,G19,C:\Users\diani\Documents\repositories\nowcasting-bogota\data\cmip_cropped\CMIPC_20250923-121000.nc,parcial
2025-09-30 10:50:00+00:00,G19,C:\Users\diani\Documents\repositories\nowcasting-bogota\data\cmip_cropped\CMIPC_20250930-105000.nc,incompleto
2025-10-01 12:30:00+00:00,G19,C:\Users\diani\Documents\repositories\nowcasting-bogota\data\cmip_cropped\CMIPC_20251001-123000.nc,incompleto
2025-10-02 16:30:00+00:00,G19,C:\Users\diani\Documents\repositories\nowcasting-bogota\data\cmip_cropped\CMIPC_20251002-163000.nc,parcial
2025-10-04 09:20:00+00:00,G19,C:\Users\diani\Documents\repositories\nowcasting-bogota\data\cmip_cropped\CMIPC_20251004-092000.nc,incompleto
2025-10-05 07:20:00+00:00,G19,C:\Users\diani\Documents\repositories\nowcasting-bogota\data\cmip_cropped\CMIPC_20251005-072000.nc,parcial
2025-10-13 10:40:00+00:00,G19,C:\Users\diani\Documents\repositories\nowcasting-bogota\data\cmip_cropped\CMIPC_20251013-104000.nc,incompleto
2025-10-23 22:40:00+00:00,G19,C:\Users\diani\Documents\repositories\nowcasting-bogota\data\cmip_cropped\CMIPC_20251023-224000.nc,parcial
2025-10-25 18:10:00+00:00,G19,C:\Users\diani\Documents\repositories\nowcasting-bogota\data\cmip_cropped\CMIPC_20251025-181000.nc,parcial
2025-10-26 11:30:00+00:00,G19,C:\Users\diani\Documents\repositories\nowcasting-bogota\data\cmip_cropped\CMIPC_20251026-113000.nc,parcial
2025-10-28 09:20:00+00:00,G19,C:\Users\diani\Documents\repositories\nowcasting-bogota\data\cmip_cropped\CMIPC_20251028-092000.nc,incompleto
2025-11-19 18:20:00+00:00,G19,C:\Users\diani\Documents\repositories\nowcasting-bogota\data\cmip_cropped\CMIPC_20251119-182000.nc,parcial
2025-11-24 10:40:00+00:00,G19,C:\Users\diani\Documents\repositories\nowcasting-bogota\data\cmip_cropped\CMIPC_20251124-104000.nc,parcial
2025-12-18 21:00:00+00:00,G19,C:\Users\diani\Documents\repositories\nowcasting-bogota\data\cmip_cropped\CMIPC_20251218-210000.nc,incompleto
2025-12-18 21:10:00+00:00,G19,C:\Users\diani\Documents\repositories\nowcasting-bogota\data\cmip_cropped\CMIPC_20251218-211000.nc,incompleto
2025-12-18 23:40:00+00:00,G19,C:\Users\diani\Documents\repositories\nowcasting-bogota\data\cmip_cropped\CMIPC_20251218-234000.nc,incompleto
2025-12-18 23:50:00+00:00,G19,C:\Users\diani\Documents\repositories\nowcasting-bogota\data\cmip_cropped\CMIPC_20251218-235000.nc,incompleto
2025-12-19 00:00:00+00:00,G19,C:\Users\diani\Documents\repositories\nowcasting-bogota\data\cmip_cropped\CMIPC_20251219-000000.nc,incompleto
2025-12-19 00:10:00+00:00,G19,C:\Users\diani\Documents\repositories\nowcasting-bogota\data\cmip_cropped\CMIPC_20251219-001000.nc,incompleto
2025-12-19 00:20:00+00:00,G19,C:\Users\diani\Documents\repositories\nowcasting-bogota\data\cmip_cropped\CMIPC_20251219-002000.nc,incompleto
