Código,Latitud (°N),Longitud (°),Umbral (mm/h),Origen del umbral,IC 95 % del P95 2024 (mm/h),Días húmedos 2024,Instantes húmedos 2024,Fila,Columna,Distancia al píxel (km)
2120000140,4.7055,-74.0226,12.9,propio,8.2–17.6,79,8152,92,102,1.02
2120000103,4.7325,-74.0187,11.1,propio,5.4–17.2,76,5764,91,103,0.86
2120000138,4.7659,-74.0468,9.8,propio,5.4–17.2,69,6220,89,101,0.11
2120000099,4.7492,-74.0807,9.7,propio,5.6–11.2,77,5994,90,99,0.39
2120000135,4.6182,-74.0644,9.3,propio,6.6–13.2,87,7601,97,100,0.29
2120000170,4.6405,-74.0544,9.2,propio,6.6–11.9,78,7784,96,101,0.76
0021206890,4.6658,-74.0286,9.1,propio,5.2–12.1,75,7874,95,102,0.99
2120000139,4.6755,-74.0193,9.1,propio,5.3–14.4,75,5076,94,103,0.87
0021202220,4.6279,-74.0587,8.9,propio,4.8–12.6,75,6406,97,100,1.14
2120000118,4.7433,-74.1023,8.9,propio,6.3–11.9,80,7297,90,98,0.52
0021202240,4.6355,-74.0575,8.56,propio,6.0–13.0,66,4990,96,100,0.99
2120000133,4.5614,-74.0748,8.3,propio,5.6–10.1,96,8921,100,100,1.1
2120000100,4.6524,-74.0754,8.2,propio,4.9–10.7,78,6440,95,99,1.07
2120000119,4.5558,-74.0967,7.66,propio,4.6–10.2,78,5870,101,98,1.09
2120000120,4.7166,-74.0644,7.6,propio,5.5–9.7,79,7860,92,100,0.58
2120000174,4.6866,-74.083,7.6,propio,5.6–10.7,76,7282,93,99,0.75
2120500201,4.5752,-74.0718,7.4,propio,6.0–9.1,97,7571,99,100,1.18
0021201980,4.5916,-74.0547,7.1,propio,5.2–11.4,50,4219,99,101,1.14
2120000108,4.6749,-74.1136,7.1,propio,4.8–10.2,65,6681,94,97,0.74
2120000137,4.7494,-74.0228,7.1,propio,4.5–14.7,73,7842,90,102,0.76
2120000134,4.5526,-74.0837,7.02,propio,5.9–9.1,90,8137,101,99,0.55
2120000117,4.5429,-74.0803,6.5,propio,4.4–8.8,69,5457,101,99,0.66
2120000105,4.7635,-74.0218,6.3,propio,3.8–10.6,85,7811,89,102,0.91
2120000171,4.7291,-74.0238,6.2,propio,3.8–10.3,75,8808,91,102,0.64
2120000131,4.545,-74.1394,6.0,propio,3.5–7.8,68,4835,101,96,0.31
2120000172,4.7595,-74.0275,6.0,propio,3.4–10.1,75,7596,89,102,0.78
2120000107,4.536,-74.1065,5.9,propio,3.7–6.8,74,4723,102,98,0.88
2120000109,4.7201,-74.1083,5.9,propio,4.1–7.6,77,6997,92,98,1.17
0021202180,4.5431,-74.156,5.6,propio,3.4–7.9,54,3844,101,95,0.5
2120000101,4.5807,-74.1783,5.4,propio,3.3–8.6,67,5298,99,94,0.54
2120000126,4.4871,-74.1021,5.4,propio,3.5–6.6,86,6343,104,98,0.65
2120700154,4.5532,-74.1079,5.4,propio,4.0–7.6,69,3948,101,98,0.89
2120000132,4.5353,-74.1491,5.2,propio,3.7–7.6,73,5729,102,95,1.06
2120000125,4.6196,-74.1132,5.12,propio,2.9–9.1,55,3497,97,97,0.78
2120000121,4.5759,-74.1062,5.0,propio,3.6–7.1,80,6214,99,98,1.01
2120000169,4.5306,-74.0924,5.0,propio,3.6–6.6,86,6820,102,99,0.94
2120000173,4.6717,-74.1589,5.0,propio,3.1–7.5,81,5879,94,95,0.46
0021202250,4.5008,-74.1374,4.9,propio,3.4–7.3,71,4351,104,96,0.88
2120000175,4.656,-74.1311,4.9,propio,3.8–5.7,78,6718,95,96,0.81
0021208480,4.611,-74.1783,4.8,propio,3.7–6.7,68,6585,98,94,1.06
2120000106,4.5117,-74.1635,4.8,propio,3.7–10.8,74,5164,103,95,0.77
2120700038,4.5624,-74.1489,4.7,propio,3.3–6.8,61,4090,100,95,0.93
2120000123,4.6036,-74.1485,4.6,propio,3.9–5.6,70,7284,98,95,0.9
2120000122,4.6246,-74.155,4.5,propio,3.1–6.6,75,7358,97,95,0.49
2120000124,4.5832,-74.1325,4.4,propio,3.4–6.0,79,6799,99,96,0.66
2120000130,4.5328,-74.1168,4.3,propio,3.2–5.4,66,3380,102,97,0.54
2120000129,4.5064,-74.1025,4.18,propio,2.2–5.1,64,4004,103,98,0.53
2120000128,4.505,-74.0924,3.4,propio,2.5–4.3,76,4533,103,99,1.15
0021202190,4.5187,-74.0887,3.2,propio,2.2–4.2,89,4697,103,99,0.99
2120000127,4.49,-74.1131,3.2,propio,2.5–5.5,73,3642,104,97,0.86
0021206810,4.5637,-74.1385,3.1,propio,2.3–6.3,55,3518,100,96,0.24
0021202230,4.4815,-74.1271,2.6,propio,1.6–3.3,63,3184,105,97,1.07
0021206600,4.7866,-74.1022,16.2,"propio (diagnóstico, excepción)",13.6–22.5,36,500,88,98,0.24
0021205012,4.6372,-74.0889,6.0,respaldo pooled,4.3–11.4,36,647,96,99,0.57
0021205420,4.6887,-74.2056,6.0,respaldo pooled,2.7–7.2,24,411,93,92,0.78
0021205710,4.6679,-74.101,6.0,respaldo pooled,5.5–12.0,33,623,94,98,0.81
0021205910,4.9892,-74.0012,6.0,respaldo pooled,5.0–10.6,40,1038,77,104,1.0
0021206280,4.6482,-74.3204,6.0,respaldo pooled,4.4–6.7,24,448,95,86,0.96
0021206560,4.6255,-74.1561,6.0,respaldo pooled,4.3–10.2,36,797,97,95,0.56
0035025060,4.5871,-73.9959,6.0,respaldo pooled,3.3–8.9,44,938,99,104,0.44
2120000136,4.5878,-74.0681,6.0,respaldo pooled,1.4–2.6,6,628,99,100,0.49
2120500135,4.8541,-74.0327,6.0,respaldo pooled,4.0–9.2,40,808,84,102,0.5
2306500204,4.8767,-74.2878,6.0,respaldo pooled,3.3–9.0,37,1011,83,88,0.49
