codigoestacion,n_instantes,n_dias_humedos,p95_2024,cv_dias_pct,ic95_bajo,ic95_alto,representativa,ancho_ic_rel_pct,meses_con_registro,meses_MAM,meses_SON
0021201980,4219.0,50.0,7.1,18.745,5.2,11.352,True,86.655,9,3,3
0021202180,3844.0,54.0,5.6,21.455,3.4,7.883,True,80.06,10,3,3
0021202190,4697.0,89.0,3.2,18.593,2.2,4.195,True,62.352,12,3,3
0021202220,6406.0,75.0,8.9,27.119,4.8,12.6,True,87.64,12,3,3
0021202230,3184.0,63.0,2.6,15.246,1.6,3.3,True,65.385,12,3,3
0021202240,4990.0,66.0,8.555,19.149,6.011,12.952,True,81.143,12,3,3
0021202250,4351.0,71.0,4.9,22.243,3.4,7.281,True,79.204,12,3,3
0021205012,647.0,36.0,7.47,25.666,4.3,11.42,False,95.321,4,0,3
0021205420,411.0,24.0,5.4,30.969,2.7,7.176,False,82.894,3,0,2
0021205710,623.0,33.0,8.0,21.782,5.528,12.0,False,80.894,4,0,3
0021205910,1038.0,40.0,7.6,18.606,5.0,10.6,False,73.684,4,0,3
0021206280,448.0,24.0,5.13,13.545,4.443,6.7,False,43.994,4,0,3
0021206560,797.0,36.0,7.0,22.185,4.295,10.2,False,84.357,5,0,2
0021206600,500.0,36.0,15.725,18.146,13.6,22.5,False,56.598,4,0,3
0021206810,3518.0,55.0,3.1,26.666,2.3,6.305,True,129.202,12,3,3
0021206890,7874.0,75.0,9.1,22.017,5.19,12.081,True,75.723,12,3,3
0021208480,6585.0,68.0,4.8,17.703,3.7,6.687,True,62.221,12,3,3
0035025060,938.0,44.0,4.615,31.391,3.302,8.855,False,120.306,3,0,2
2120000099,5994.0,77.0,9.7,16.952,5.6,11.2,True,57.732,12,3,3
2120000100,6440.0,78.0,8.2,22.243,4.9,10.7,True,70.732,12,3,3
2120000101,5298.0,67.0,5.4,28.012,3.3,8.605,True,98.241,12,3,3
2120000103,5764.0,76.0,11.1,28.193,5.424,17.241,True,106.461,12,3,3
2120000105,7811.0,85.0,6.3,25.412,3.8,10.567,True,107.409,12,3,3
2120000106,5164.0,74.0,4.8,31.483,3.7,10.837,True,148.69,12,3,3
2120000107,4723.0,74.0,5.9,16.61,3.7,6.8,True,52.542,12,3,3
2120000108,6681.0,65.0,7.1,18.717,4.8,10.2,True,76.056,12,3,3
2120000109,6997.0,77.0,5.9,13.376,4.148,7.552,True,57.712,12,3,3
2120000117,5457.0,69.0,6.5,20.146,4.4,8.8,True,67.692,12,3,3
2120000118,7297.0,80.0,8.9,16.634,6.312,11.9,True,62.788,12,3,3
2120000119,5870.0,78.0,7.655,20.105,4.6,10.2,True,73.155,12,3,3
2120000120,7860.0,79.0,7.6,14.501,5.548,9.7,True,54.638,12,3,3
2120000121,6214.0,80.0,5.0,18.49,3.6,7.1,True,70.0,12,3,3
2120000122,7358.0,75.0,4.5,20.203,3.1,6.6,True,77.778,12,3,3
2120000123,7284.0,70.0,4.6,9.779,3.9,5.642,True,37.87,12,3,3
2120000124,6799.0,79.0,4.4,15.735,3.4,5.964,True,58.281,12,3,3
2120000125,3497.0,55.0,5.12,37.936,2.9,9.1,True,121.094,12,3,3
2120000126,6343.0,86.0,5.4,15.499,3.548,6.6,True,56.528,12,3,3
2120000127,3642.0,73.0,3.2,20.597,2.5,5.5,True,93.75,12,3,3
2120000128,4533.0,76.0,3.4,13.229,2.5,4.252,True,51.544,12,3,3
2120000129,4004.0,64.0,4.185,18.398,2.248,5.074,True,67.536,12,3,3
2120000130,3380.0,66.0,4.305,13.176,3.2,5.4,True,51.103,12,3,3
2120000131,4835.0,68.0,6.0,16.888,3.5,7.8,True,71.667,12,3,3
2120000132,5729.0,73.0,5.2,17.531,3.748,7.6,True,74.087,12,3,3
2120000133,8921.0,96.0,8.3,13.416,5.6,10.1,True,54.217,12,3,3
2120000134,8137.0,90.0,7.02,12.966,5.9,9.1,True,45.584,12,3,3
2120000135,7601.0,87.0,9.3,17.944,6.6,13.152,True,70.457,12,3,3
2120000136,628.0,6.0,2.2,17.723,1.4,2.6,False,54.545,1,0,0
2120000137,7842.0,73.0,7.1,35.083,4.548,14.72,True,143.275,12,3,3
2120000138,6220.0,69.0,9.8,30.088,5.4,17.157,True,119.974,12,3,3
2120000139,5076.0,75.0,9.1,26.704,5.3,14.371,True,99.68,12,3,3
2120000140,8152.0,79.0,12.9,19.417,8.181,17.552,True,72.65,12,3,3
2120000169,6820.0,86.0,5.0,16.368,3.6,6.6,True,60.0,12,3,3
2120000170,7784.0,78.0,9.2,15.367,6.6,11.852,True,57.092,12,3,3
2120000171,8808.0,75.0,6.2,25.882,3.8,10.3,True,104.839,12,3,3
2120000172,7596.0,75.0,6.0,27.226,3.4,10.064,True,111.073,12,3,3
2120000173,5879.0,81.0,5.0,21.033,3.131,7.5,True,87.383,12,3,3
2120000174,7282.0,76.0,7.6,17.41,5.6,10.7,True,67.105,12,3,3
2120000175,6718.0,78.0,4.9,10.901,3.8,5.7,True,38.776,12,3,3
2120500135,808.0,40.0,5.8,20.674,3.99,9.2,False,89.828,4,0,3
2120500201,7571.0,97.0,7.4,11.454,6.0,9.1,True,41.892,12,3,3
2120700038,4090.0,61.0,4.7,20.452,3.3,6.8,True,74.468,12,3,3
2120700154,3948.0,69.0,5.4,16.988,4.0,7.595,True,66.579,12,3,3
2306500204,1011.0,37.0,6.55,25.657,3.314,9.0,False,86.805,3,0,2
