codigo,nombre,longitud,latitud,tecnologia,altitud,DEF_24_mean_dias_con_dato,MAM_24_mean_dias_con_dato,JJA_24_mean_dias_con_dato,SON_24_mean_dias_con_dato,DEF_25_mean_dias_con_dato,MAM_25_mean_dias_con_dato,JJA_25_mean_dias_con_dato,SON_25_mean_dias_con_dato,DEF_24_prec_media,DEF_24_prec_25,DEF_24_prec_50,DEF_24_prec_75,DEF_24_prec_max,DEF_24_fecha_max_precip,DEF_24_max_precip,MAM_24_prec_media,MAM_24_prec_25,MAM_24_prec_50,MAM_24_prec_75,MAM_24_prec_max,MAM_24_fecha_max_precip,MAM_24_max_precip,JJA_24_prec_media,JJA_24_prec_25,JJA_24_prec_50,JJA_24_prec_75,JJA_24_prec_max,JJA_24_fecha_max_precip,JJA_24_max_precip,SON_24_prec_media,SON_24_prec_25,SON_24_prec_50,SON_24_prec_75,SON_24_prec_max,SON_24_fecha_max_precip,SON_24_max_precip,DEF_25_prec_media,DEF_25_prec_25,DEF_25_prec_50,DEF_25_prec_75,DEF_25_prec_max,DEF_25_fecha_max_precip,DEF_25_max_precip,MAM_25_prec_media,MAM_25_prec_25,MAM_25_prec_50,MAM_25_prec_75,MAM_25_prec_max,MAM_25_fecha_max_precip,MAM_25_max_precip,JJA_25_prec_media,JJA_25_prec_25,JJA_25_prec_50,JJA_25_prec_75,JJA_25_prec_max,JJA_25_fecha_max_precip,JJA_25_max_precip,SON_25_prec_media,SON_25_prec_25,SON_25_prec_50,SON_25_prec_75,SON_25_prec_max,SON_25_fecha_max_precip,SON_25_max_precip,DEF_24_cadencia_media,MAM_24_cadencia_media,JJA_24_cadencia_media,SON_24_cadencia_media,DEF_25_cadencia_media,MAM_25_cadencia_media,JJA_25_cadencia_media,SON_25_cadencia_media,ratio_max_segundo_max,fecha_max_global,precip_max_global,cluster_geografico,p95_propia,p95_cluster_prom,ratio_p95_cluster
2120000101,ALTOS DE LA ESTANCIA [2120000101],-74.178,4.581,Automática con Telemetría,2960.0,0.549,0.935,0.685,0.857,0.689,0.946,0.728,0.934,0.542,0.0,0.0,0.0,15.7,2024-02-06,15.7,0.316,0.0,0.0,0.0,14.1,2024-03-20,14.1,0.041,0.0,0.0,0.0,0.8,2024-07-05,0.8,2.088,0.0,0.0,2.825,33.9,2024-11-22,33.9,0.539,0.0,0.0,0.175,9.6,2025-01-03,9.6,1.429,0.0,0.3,1.6,19.7,2025-04-27,19.7,0.652,0.0,0.0,0.85,5.7,2025-08-24,5.7,1.366,0.0,0.1,0.9,14.1,2025-10-23,14.1,3.5,6.4,27.7,2.5,2.4,2.9,4.4,1.8,1.721,2024-11-22,33.9,10,5.5,7.59,0.72
2120000122,COLEGIO INEM FRANCISCO DE PAULA SANTANDER (IED) [2120000122],-74.155,4.625,Automática con Telemetría,2557.0,0.549,0.935,0.728,0.835,0.567,0.946,0.728,0.945,0.51,0.0,0.0,0.0,12.3,2024-02-04,12.3,0.281,0.0,0.0,0.075,11.6,2024-03-20,11.6,0.097,0.0,0.0,0.0,1.6,2024-07-05,1.6,2.213,0.0,0.1,2.85,22.2,2024-11-02,22.2,0.571,0.0,0.0,0.05,16.5,2025-01-03,16.5,3.363,0.1,1.3,4.0,25.2,2025-05-20,25.2,1.169,0.0,0.1,1.35,7.5,2025-06-23,7.5,1.8,0.0,0.2,1.45,27.0,2025-10-13,27.0,3.0,5.2,11.8,2.1,2.2,1.5,2.1,1.2,1.071,2025-10-13,27.0,5,7.44,11.72,0.63
2120000169,COLEGIO LA BELLEZA (IED) [2120000169],-74.092,4.531,Automática con Telemetría,2949.0,0.549,0.935,0.728,0.835,0.556,0.946,0.728,0.923,0.692,0.0,0.0,0.0,7.9,2024-02-04,7.9,0.742,0.0,0.0,0.2,24.1,2024-03-20,24.1,0.158,0.0,0.0,0.1,2.2,2024-07-20,2.2,2.203,0.0,0.05,2.2,19.7,2024-11-10,19.7,0.68,0.0,0.0,0.175,13.2,2025-02-27,13.2,2.905,0.1,1.0,3.9,25.0,2025-04-25,25.0,2.682,0.3,1.8,3.55,13.8,2025-07-19,13.8,1.539,0.0,0.5,2.0,14.2,2025-11-21,14.2,3.2,5.7,15.5,2.4,2.2,1.7,2.6,1.2,1.037,2025-04-25,25.0,10,7.9,7.39,1.07
2120000127,COLEGIO EDUARDO UMAÑA [2120000127],-74.113,4.49,Automática con Telemetría,2923.0,0.549,0.935,0.717,0.857,0.567,0.946,0.728,0.934,0.432,0.0,0.0,0.0,5.0,2024-02-05,5.0,0.249,0.0,0.0,0.1,7.3,2024-03-20,7.3,0.083,0.0,0.0,0.0,1.6,2024-07-05,1.6,1.347,0.0,0.0,1.85,10.6,2024-10-09,10.6,0.29,0.0,0.0,0.0,4.7,2025-01-03,4.7,2.507,0.1,0.9,2.45,23.8,2025-04-27,23.8,2.461,0.15,1.0,3.05,13.0,2025-06-06,13.0,1.811,0.0,0.6,2.2,16.6,2025-11-23,16.6,4.7,6.1,35.8,3.1,2.2,1.5,2.1,1.2,1.008,2025-04-27,23.8,10,6.94,7.47,0.93
2120000105,EL CODITO [2120000105],-74.022,4.763,Automática con Telemetría,2730.0,0.549,0.913,0.739,0.824,0.567,0.935,0.674,0.934,0.554,0.0,0.0,0.0,10.2,2024-02-06,10.2,0.346,0.0,0.0,0.2,8.6,2024-04-18,8.6,0.118,0.0,0.0,0.1,2.3,2024-07-05,2.3,3.365,0.0,0.2,3.65,34.1,2024-11-06,34.1,0.88,0.0,0.0,0.5,11.0,2025-01-03,11.0,4.428,0.2,1.5,4.35,36.3,2025-03-11,36.3,1.248,0.1,0.6,2.3,7.9,2025-06-09,7.9,2.998,0.0,0.2,2.1,44.2,2025-11-16,44.2,3.6,5.7,12.2,2.1,2.2,1.5,2.5,1.3,1.218,2025-11-16,44.2,3,9.39,10.15,0.92
2120000120,COLEGIO GUSTAVO MORALES [2120000120],-74.064,4.717,Automática con Telemetría,2553.0,0.549,0.935,0.761,0.802,0.567,0.946,0.728,0.934,1.404,0.0,0.0,0.0,15.6,2024-02-06,15.6,0.527,0.0,0.0,0.175,12.6,2024-03-20,12.6,0.069,0.0,0.0,0.0,2.0,2024-07-05,2.0,3.19,0.0,0.5,5.0,22.7,2024-11-19,22.7,0.986,0.0,0.0,0.5,14.2,2025-01-03,14.2,4.092,0.0,0.9,4.9,42.2,2025-04-27,42.2,0.993,0.0,0.1,1.45,11.5,2025-06-22,11.5,3.513,0.0,0.1,1.3,65.7,2025-10-16,65.7,3.0,5.4,12.4,2.2,2.2,1.5,2.1,1.2,1.557,2025-10-16,65.7,3,10.3,10.07,1.02
2120000173,COLEGIO CARLO FEDERICI (IED) [2120000173],-74.159,4.672,Automática con Telemetría,2577.0,0.549,0.935,0.739,0.835,0.567,0.946,0.728,0.945,0.266,0.0,0.0,0.0,6.1,2024-02-04,6.1,0.328,0.0,0.0,0.1,8.4,2024-03-20,8.4,0.063,0.0,0.0,0.0,0.9,2024-07-08,0.9,2.176,0.0,0.1,2.35,20.1,2024-09-30,20.1,0.475,0.0,0.0,0.2,8.2,2025-01-03,8.2,3.772,0.1,0.9,4.4,25.4,2025-03-03,25.4,1.3,0.0,0.3,1.6,7.7,2025-06-23,7.7,2.155,0.0,0.2,1.775,24.8,2025-10-13,24.8,3.5,5.3,11.4,2.1,2.2,1.5,2.1,1.2,1.024,2025-03-03,25.4,5,8.04,11.64,0.69
2120000123,COLEGIO LA CHUCUA [2120000123],-74.149,4.604,Automática con Telemetría,2562.0,0.549,0.935,0.75,0.824,0.567,0.946,0.728,0.945,0.612,0.0,0.0,0.0,11.5,2024-02-06,11.5,0.342,0.0,0.0,0.1,17.2,2024-03-20,17.2,0.1,0.0,0.0,0.0,1.5,2024-07-05,1.5,2.424,0.0,0.1,3.8,16.4,2024-11-10,16.4,0.871,0.0,0.0,0.1,17.4,2025-01-03,17.4,2.523,0.0,0.8,3.65,18.4,2025-04-27,18.4,1.224,0.0,0.2,1.9,7.5,2025-08-24,7.5,2.074,0.0,0.2,1.475,26.7,2025-10-13,26.7,3.0,5.2,12.2,2.1,2.2,1.5,2.1,1.2,1.099,2025-10-13,26.7,5,7.24,11.74,0.62
2120000175,COLEGIO LA FELICIDAD (IED) [2120000175],-74.131,4.656,Automática con Telemetría,2584.0,0.549,0.935,0.75,0.813,0.567,0.946,0.728,0.945,0.328,0.0,0.0,0.0,8.0,2024-02-05,8.0,0.423,0.0,0.0,0.1,15.1,2024-03-20,15.1,0.087,0.0,0.0,0.0,1.5,2024-07-05,1.5,2.219,0.0,0.1,3.575,18.5,2024-11-14,18.5,0.31,0.0,0.0,0.3,3.2,2024-12-02,3.2,3.206,0.15,1.2,4.5,22.8,2025-04-25,22.8,1.179,0.0,0.2,1.8,11.7,2025-08-30,11.7,1.908,0.0,0.2,1.2,23.0,2025-11-12,23.0,3.0,5.3,12.2,2.1,2.2,1.5,2.1,1.2,1.009,2025-11-12,23.0,5,7.4,11.72,0.63
2120000128,COLEGIO GABRIEL GARCIA MARQUEZ [2120000128],-74.092,4.505,Automática con Telemetría,3055.0,0.538,0.924,0.707,0.857,0.567,0.946,0.728,0.945,0.696,0.0,0.0,0.0,8.4,2024-02-05,8.4,0.234,0.0,0.0,0.1,6.9,2024-03-20,6.9,0.058,0.0,0.0,0.0,0.7,2024-07-21,0.7,1.477,0.0,0.05,1.575,12.4,2024-11-10,12.4,0.441,0.0,0.0,0.0,10.6,2025-01-07,10.6,3.028,0.1,1.1,3.4,31.7,2025-04-25,31.7,3.312,0.5,1.8,4.55,16.4,2025-06-06,16.4,1.857,0.0,0.45,2.2,14.4,2025-09-30,14.4,3.9,6.7,42.6,3.2,2.2,1.5,2.1,1.2,1.454,2025-04-25,31.7,10,7.6,7.42,1.02
2120000099,COLEGIO VEINTIUN ANGELES [2120000099],-74.081,4.749,Automática con Telemetría,2614.0,0.549,0.935,0.641,0.857,0.7,0.946,0.728,0.945,1.548,0.0,0.0,0.0,31.1,2024-02-07,31.1,0.624,0.0,0.0,0.1,13.4,2024-03-20,13.4,0.037,0.0,0.0,0.0,0.5,2024-07-15,0.5,2.621,0.0,0.1,3.275,20.6,2024-11-19,20.6,0.789,0.0,0.0,0.35,10.8,2024-12-02,10.8,1.267,0.0,0.2,1.9,8.3,2025-04-29,8.3,0.522,0.0,0.1,0.8,6.7,2025-06-22,6.7,2.057,0.0,0.1,1.7,24.3,2025-10-16,24.3,3.6,6.6,33.9,2.6,2.4,3.0,4.6,1.8,1.205,2024-02-07,31.1,3,7.1,10.36,0.69
2120000109,COLEGIO RODOLFO LLINAS [2120000109],-74.108,4.72,Automática con Telemetría,2554.0,0.549,0.924,0.717,0.835,0.589,0.946,0.717,0.945,0.716,0.0,0.0,0.0,9.6,2024-02-01,9.6,0.467,0.0,0.0,0.1,10.3,2024-03-20,10.3,0.08,0.0,0.0,0.0,1.4,2024-07-05,1.4,2.917,0.0,0.1,4.4,23.2,2024-11-11,23.2,0.704,0.0,0.0,0.6,10.3,2025-01-03,10.3,3.61,0.15,1.2,4.15,36.7,2025-04-27,36.7,1.291,0.0,0.1,1.45,19.2,2025-08-22,19.2,2.914,0.0,0.1,1.65,36.1,2025-10-27,36.1,3.7,6.2,13.1,2.2,2.2,1.6,2.4,1.3,1.017,2025-04-27,36.7,3,9.6,10.13,0.95
2120000140,FUNDACIÓN ANA RESTREPO DEL CORRAL [2120000140],-74.023,4.706,Automática con Telemetría,2686.0,0.549,0.924,0.761,0.824,0.567,0.946,0.707,0.945,1.506,0.0,0.0,0.0,38.1,2024-02-06,38.1,0.535,0.0,0.0,0.2,13.5,2024-04-20,13.5,0.116,0.0,0.0,0.075,1.6,2024-07-15,1.6,5.34,0.0,0.0,4.8,50.4,2024-11-20,50.4,0.867,0.0,0.0,0.25,9.1,2024-12-26,9.1,5.471,0.2,1.7,7.2,83.9,2025-04-25,83.9,1.222,0.1,0.4,1.6,8.0,2025-06-09,8.0,2.431,0.0,0.25,1.575,30.4,2025-10-16,30.4,3.5,5.5,12.1,2.1,2.2,1.5,2.4,1.3,1.665,2025-04-25,83.9,3,12.8,9.84,1.3
2120500204,IDEAM PUENTE ARANDA [2120500204],-74.103,4.622,Automática con Telemetría,2559.0,0.0,0.272,0.967,0.989,0.767,0.935,0.989,0.967,,,,,,,,0.648,0.0,0.2,0.7,4.3,2024-05-14,4.3,0.896,0.0,0.0,0.8,14.7,2024-07-05,14.7,4.087,0.0,0.25,3.725,54.3,2024-11-19,54.3,30.022,0.0,0.1,30.2,325.8,2025-01-22,325.8,12.385,0.2,4.35,12.05,150.2,2025-04-09,150.2,1.862,0.0,0.2,1.4,17.0,2025-06-09,17.0,2.291,0.0,0.3,1.85,43.0,2025-10-13,43.0,,29.6,11.1,10.4,13.2,12.2,10.0,10.7,1.14,2025-01-22,325.8,2,30.8,7.33,4.2
2120500201,VITELMA [2120500201],-74.072,4.575,Automática con Telemetría,2777.0,0.549,0.924,0.761,0.846,0.589,0.946,0.717,0.945,0.398,0.0,0.0,0.0,3.7,2024-02-05,3.7,0.682,0.0,0.0,0.2,18.7,2024-03-20,18.7,0.146,0.0,0.0,0.1,1.9,2024-07-23,1.9,3.848,0.0,0.3,6.6,25.4,2024-11-10,25.4,0.726,0.0,0.0,0.1,15.0,2025-01-08,15.0,3.538,0.3,1.2,4.55,33.1,2025-03-29,33.1,2.356,0.4,1.05,2.575,14.1,2025-07-19,14.1,2.863,0.0,0.25,2.35,36.8,2025-11-15,36.8,5.2,5.2,12.1,2.1,2.2,1.5,2.5,1.2,1.112,2025-11-15,36.8,2,11.26,8.73,1.29
2120000118,COLEGIO ALBERTO LLERAS CAMARGO [2120000118],-74.102,4.743,Automática con Telemetría,2556.0,0.549,0.815,0.685,0.857,0.589,0.946,0.728,0.945,1.708,0.0,0.0,0.0,39.0,2024-02-07,39.0,0.467,0.0,0.0,0.1,8.7,2024-04-30,8.7,0.098,0.0,0.0,0.0,2.1,2024-07-05,2.1,3.001,0.0,0.1,4.075,22.1,2024-11-20,22.1,1.128,0.0,0.0,0.8,14.8,2025-01-19,14.8,2.794,0.0,0.8,3.85,19.5,2025-04-27,19.5,1.243,0.0,0.2,1.65,13.0,2025-06-12,13.0,2.999,0.0,0.15,3.125,43.0,2025-09-19,43.0,3.2,8.8,12.3,2.2,2.2,1.5,2.1,1.2,1.103,2025-09-19,43.0,3,10.59,10.04,1.05
2120000172,COLEGIO UNION COLOMBIA SEDE A (IED) [2120000172],-74.028,4.759,Automática con Telemetría,2600.0,0.549,0.935,0.728,0.824,0.578,0.946,0.728,0.945,0.44,0.0,0.0,0.0,10.8,2024-02-06,10.8,0.335,0.0,0.0,0.175,8.1,2024-04-18,8.1,0.073,0.0,0.0,0.0,1.2,2024-07-15,1.2,3.267,0.0,0.1,3.3,45.9,2024-11-06,45.9,0.538,0.0,0.0,0.2,7.6,2025-01-19,7.6,2.995,0.0,1.0,3.8,37.1,2025-03-11,37.1,0.873,0.0,0.1,1.15,7.9,2025-06-22,7.9,2.356,0.0,0.15,1.85,25.6,2025-10-13,25.6,3.1,5.6,12.8,2.1,2.2,1.7,2.1,1.2,1.237,2024-11-06,45.9,3,7.98,10.28,0.78
2120000103,CERRO NORTE - AUT  [2120000103],-74.019,4.733,Automática con Telemetría,2766.0,0.549,0.924,0.674,0.857,0.578,0.891,0.728,0.868,0.616,0.0,0.0,0.0,19.3,2024-02-06,19.3,0.328,0.0,0.0,0.2,6.3,2024-03-04,6.3,0.037,0.0,0.0,0.0,0.7,2024-07-15,0.7,3.612,0.0,0.1,2.775,48.4,2024-11-02,48.4,1.581,0.0,0.0,0.475,31.6,2024-12-30,31.6,2.701,0.0,0.5,3.55,18.5,2025-04-22,18.5,0.649,0.0,0.2,0.7,3.7,2025-06-13,3.7,1.904,0.0,0.2,1.25,17.9,2025-10-16,17.9,3.6,6.8,34.2,2.6,2.9,3.1,4.4,1.8,1.061,2024-11-02,48.4,3,8.24,10.26,0.8
2120000139,ESC. PEDAGOGICA EXPRIMENTAL [2120000139],-74.019,4.676,Automática con Telemetría,2905.0,0.549,0.935,0.685,0.857,0.7,0.935,0.63,0.934,0.69,0.0,0.0,0.0,9.8,2024-02-01,9.8,0.341,0.0,0.0,0.1,10.5,2024-03-20,10.5,0.059,0.0,0.0,0.0,0.7,2024-07-13,0.7,3.203,0.0,0.1,2.525,41.8,2024-11-06,41.8,0.879,0.0,0.0,0.25,21.1,2024-12-12,21.1,1.531,0.0,0.45,1.725,14.2,2025-04-25,14.2,0.909,0.0,0.5,1.425,4.5,2025-06-06,4.5,1.908,0.0,0.3,1.0,34.9,2025-11-30,34.9,3.6,6.5,33.1,2.9,2.6,4.0,5.8,1.8,1.198,2024-11-06,41.8,9,6.64,9.57,0.69
2120700038,SAN FRANCISCO - AUT  [2120700038],-74.149,4.562,Automática con Telemetría,2577.0,0.549,0.935,0.707,0.857,0.656,0.946,0.728,0.956,0.564,0.0,0.0,0.0,14.2,2024-02-06,14.2,0.212,0.0,0.0,0.0,10.4,2024-03-20,10.4,0.032,0.0,0.0,0.0,0.6,2024-07-05,0.6,1.574,0.0,0.0,1.375,13.1,2024-11-15,13.1,0.605,0.0,0.0,0.0,11.8,2025-01-03,11.8,1.954,0.0,0.5,2.8,21.1,2025-04-27,21.1,1.069,0.0,0.1,1.85,7.1,2025-08-24,7.1,1.666,0.0,0.1,1.3,31.4,2025-10-13,31.4,4.5,6.9,34.3,3.1,2.3,1.9,2.2,1.2,1.488,2025-10-13,31.4,2,5.69,9.12,0.62
2120000134,COLEGIO LOS ALPES SEDE A [2120000134],-74.084,4.553,Automática con Telemetría,2875.0,0.549,0.935,0.707,0.835,0.567,0.946,0.728,0.912,1.146,0.0,0.0,0.075,11.1,2024-02-06,11.1,0.805,0.0,0.0,0.1,21.6,2024-03-20,21.6,0.163,0.0,0.0,0.2,1.4,2024-07-25,1.4,3.408,0.0,0.15,5.2,28.5,2024-11-20,28.5,0.965,0.0,0.0,0.2,11.2,2024-12-26,11.2,3.066,0.1,1.0,3.0,54.5,2025-04-25,54.5,1.882,0.15,1.1,2.5,9.2,2025-07-19,9.2,2.286,0.0,0.4,1.85,23.4,2025-11-21,23.4,3.3,5.9,12.6,2.1,2.2,1.7,2.6,1.2,1.912,2025-04-25,54.5,10,9.59,7.25,1.32
2120000126,COLEGIO CIUDAD DE VILLAVICENCIO [2120000126],-74.102,4.487,Automática con Telemetría,2923.0,0.549,0.935,0.717,0.846,0.578,0.946,0.717,0.945,0.37,0.0,0.0,0.0,5.4,2024-02-05,5.4,0.278,0.0,0.0,0.1,9.1,2024-03-20,9.1,0.182,0.0,0.0,0.2,2.2,2024-07-21,2.2,2.414,0.0,0.1,3.2,20.0,2024-11-10,20.0,0.371,0.0,0.0,0.0,6.9,2025-01-03,6.9,3.078,0.1,1.2,3.5,32.6,2025-04-27,32.6,3.852,0.4,1.9,4.95,20.3,2025-06-06,20.3,2.006,0.0,1.1,2.25,15.0,2025-11-30,15.0,4.5,6.3,15.1,2.2,2.2,1.5,2.1,1.2,1.516,2025-04-27,32.6,10,9.04,7.3,1.24
2120000130,COLEGIO PAULO FREIRE [2120000130],-74.117,4.533,Automática con Telemetría,2605.0,0.549,0.924,0.652,0.857,0.567,0.946,0.728,0.945,0.456,0.0,0.0,0.075,5.3,2024-02-06,5.3,0.253,0.0,0.0,0.0,9.1,2024-03-20,9.1,0.025,0.0,0.0,0.0,0.6,2024-07-20,0.6,1.506,0.0,0.0,1.3,12.9,2024-10-05,12.9,0.833,0.0,0.0,0.15,17.4,2025-01-03,17.4,2.86,0.0,0.6,2.55,27.4,2025-04-27,27.4,1.696,0.0,0.7,2.1,9.6,2025-06-09,9.6,2.144,0.0,0.3,1.65,34.7,2025-11-15,34.7,5.1,6.6,42.9,3.3,2.2,1.5,2.1,1.2,1.266,2025-11-15,34.7,2,7.57,8.99,0.84
2120000138,COLEGIO NUEVA ZELANDIA [2120000138],-74.047,4.766,Automática con Telemetría,2561.0,0.549,0.935,0.696,0.857,0.7,0.946,0.728,0.945,0.75,0.0,0.0,0.0,23.6,2024-02-06,23.6,0.386,0.0,0.0,0.1,10.5,2024-03-06,10.5,0.047,0.0,0.0,0.0,2.0,2024-07-05,2.0,3.555,0.0,0.05,2.75,35.2,2024-11-02,35.2,0.898,0.0,0.0,0.05,23.6,2024-12-30,23.6,1.846,0.0,0.3,2.2,21.1,2025-05-19,21.1,0.606,0.0,0.0,0.85,9.3,2025-06-22,9.3,1.935,0.0,0.05,1.475,21.6,2025-09-19,21.6,3.4,5.9,29.6,2.5,2.4,2.9,4.2,1.8,1.067,2024-11-02,35.2,3,7.39,10.34,0.71
2120000124,COLEGIO RAFAEL URIBE [2120000124],-74.132,4.583,Automática con Telemetría,2564.0,0.549,0.935,0.739,0.846,0.567,0.946,0.717,0.956,0.746,0.0,0.0,0.0,17.1,2024-02-06,17.1,0.303,0.0,0.0,0.1,11.9,2024-03-20,11.9,0.126,0.0,0.0,0.1,1.1,2024-07-05,1.1,2.061,0.0,0.0,2.6,17.8,2024-11-10,17.8,0.99,0.0,0.0,0.15,25.5,2025-01-03,25.5,2.974,0.0,0.9,3.4,20.4,2025-04-27,20.4,1.189,0.0,0.2,1.375,6.2,2025-07-01,6.2,2.155,0.0,0.2,2.1,37.8,2025-10-13,37.8,3.1,5.5,13.0,2.1,2.2,1.5,2.1,1.2,1.482,2025-10-13,37.8,2,8.0,8.96,0.89
2306500204,ALTO DEL VINO [2306500204],-74.288,4.877,Automática con Telemetría,2872.0,0.0,0.0,0.0,0.352,0.711,0.87,0.989,0.978,,,,,,,,,,,,,,,,,,,,,,6.019,0.2,2.5,5.975,59.8,2024-11-19,59.8,1.802,0.0,0.0,0.6,26.0,2024-12-30,26.0,4.985,0.75,2.55,7.35,21.8,2025-04-08,21.8,2.316,0.0,0.8,3.75,19.2,2025-08-08,19.2,2.39,0.0,0.2,2.4,16.5,2025-09-19,16.5,,,,10.4,14.7,11.7,10.1,10.3,2.151,2024-11-19,59.8,6,13.89,,
2120000125,COLEGIO SORRENTO (SEDE B SAN RAFAEL) (IED)  [2120000125],-74.113,4.62,Automática con Telemetría,2561.0,0.505,0.848,0.587,0.857,0.678,0.924,0.685,0.89,0.465,0.0,0.0,0.0,11.0,2024-02-05,11.0,0.083,0.0,0.0,0.0,4.0,2024-03-20,4.0,0.011,0.0,0.0,0.0,0.3,2024-07-20,0.3,1.59,0.0,0.05,1.475,14.3,2024-11-12,14.3,0.646,0.0,0.0,0.1,15.5,2025-01-03,15.5,2.429,0.0,0.6,2.7,30.1,2025-05-20,30.1,0.506,0.0,0.1,0.45,4.7,2025-06-09,4.7,1.805,0.0,0.0,1.3,26.3,2025-10-13,26.3,8.8,18.3,73.1,3.6,2.4,2.4,3.6,2.1,1.144,2025-05-20,30.1,2,4.7,9.19,0.51
2120000121,COLEGIO GUSTAVO RESTREPO [2120000121],-74.106,4.576,Automática con Telemetría,2578.0,0.549,0.935,0.761,0.857,0.556,0.946,0.717,0.934,1.102,0.0,0.0,0.075,20.4,2024-02-06,20.4,0.497,0.0,0.0,0.1,11.8,2024-03-20,11.8,0.08,0.0,0.0,0.075,0.8,2024-06-29,0.8,2.174,0.0,0.1,3.375,14.2,2024-10-04,14.2,0.788,0.0,0.0,0.25,19.9,2025-01-03,19.9,3.51,0.15,0.8,4.25,26.8,2025-03-29,26.8,1.312,0.0,0.3,1.925,6.4,2025-07-01,6.4,2.494,0.0,0.3,2.0,28.7,2025-10-13,28.7,3.0,5.4,12.6,2.4,2.2,1.5,2.1,1.2,1.071,2025-10-13,28.7,2,8.2,8.94,0.92
2120000131,COLEGIO ANTONIO GARCIA [2120000131],-74.139,4.545,Automática con Telemetría,2602.0,0.549,0.935,0.739,0.857,0.567,0.946,0.728,0.945,0.998,0.0,0.0,0.075,16.6,2024-02-06,16.6,0.274,0.0,0.0,0.075,10.0,2024-03-20,10.0,0.047,0.0,0.0,0.0,0.6,2024-07-21,0.6,1.818,0.0,0.0,1.35,17.2,2024-09-28,17.2,0.759,0.0,0.0,0.05,25.8,2025-01-03,25.8,1.607,0.0,0.3,2.15,19.4,2025-04-27,19.4,0.987,0.0,0.1,1.7,6.2,2025-06-09,6.2,1.471,0.0,0.1,1.0,22.3,2025-11-15,22.3,3.2,5.8,14.6,2.5,2.2,1.6,2.2,1.3,1.157,2025-01-03,25.8,2,5.32,9.15,0.58
2120000129,COLEGIO OFELIA URIBE ACOSTA [2120000129],-74.103,4.506,Automática con Telemetría,2815.0,0.549,0.935,0.696,0.857,0.567,0.946,0.728,0.945,0.454,0.0,0.0,0.0,5.5,2024-02-01,5.5,0.379,0.0,0.0,0.075,14.9,2024-03-20,14.9,0.052,0.0,0.0,0.0,1.1,2024-07-20,1.1,1.436,0.0,0.0,1.5,13.5,2024-11-10,13.5,0.412,0.0,0.0,0.0,8.1,2025-02-27,8.1,2.918,0.1,0.8,3.3,30.7,2025-04-25,30.7,2.454,0.2,1.0,3.25,13.3,2025-07-11,13.3,1.513,0.0,0.25,1.9,14.0,2025-09-30,14.0,4.6,6.2,34.2,3.1,2.2,1.5,2.1,1.2,1.551,2025-04-25,30.7,10,6.89,7.48,0.92
0021206780,LA INDEPENDENCI - AUT [21206780],-74.195,4.619,Automática con Telemetría,2548.0,0.44,0.87,0.696,0.857,0.578,0.946,0.728,0.945,0.938,0.0,0.0,0.0,15.8,2024-02-05,15.8,0.331,0.0,0.0,0.0,9.5,2024-03-20,9.5,0.012,0.0,0.0,0.0,0.2,2024-06-29,0.2,1.331,0.0,0.0,1.35,19.1,2024-11-22,19.1,0.373,0.0,0.0,0.0,9.2,2025-01-03,9.2,1.934,0.0,0.2,2.05,29.3,2025-04-27,29.3,1.21,0.0,0.0,1.5,10.9,2025-08-24,10.9,1.727,0.0,0.1,1.275,21.3,2025-11-12,21.3,4.4,5.9,33.1,2.8,2.2,1.5,2.1,1.2,1.376,2025-04-27,29.3,5,6.08,11.89,0.51
2120000106,GRAN BRETAÑA [2120000106],-74.164,4.512,Automática con Telemetría,3087.0,0.549,0.902,0.674,0.857,0.7,0.946,0.728,0.934,0.718,0.0,0.0,0.0,10.6,2024-02-04,10.6,0.294,0.0,0.0,0.1,8.4,2024-03-20,8.4,0.079,0.0,0.0,0.1,0.9,2024-07-21,0.9,2.373,0.0,0.15,1.95,32.5,2024-10-05,32.5,0.5,0.0,0.0,0.15,15.2,2025-01-03,15.2,1.643,0.0,0.4,2.05,20.2,2025-04-27,20.2,0.988,0.0,0.5,1.3,7.0,2025-08-24,7.0,1.496,0.0,0.2,1.4,15.7,2025-11-21,15.7,3.5,6.5,28.0,2.5,2.4,3.0,4.4,1.8,1.245,2024-10-05,32.5,10,5.11,7.62,0.67
2120000132,COLEGIO EL TESORO DE LA CUMBRE [2120000132],-74.149,4.535,Automática con Telemetría,2816.0,0.549,0.935,0.707,0.857,0.567,0.924,0.728,0.945,1.238,0.0,0.0,0.0,20.4,2024-02-06,20.4,0.248,0.0,0.0,0.075,6.6,2024-03-20,6.6,0.086,0.0,0.0,0.0,1.2,2024-07-20,1.2,1.835,0.0,0.0,1.675,15.3,2024-11-15,15.3,0.571,0.0,0.0,0.05,11.9,2025-01-03,11.9,1.788,0.0,0.5,2.2,23.0,2025-04-27,23.0,0.91,0.0,0.0,1.45,7.5,2025-08-24,7.5,1.656,0.0,0.1,1.5,28.3,2025-10-13,28.3,3.1,5.5,12.0,2.4,2.2,1.6,2.4,1.2,1.23,2025-10-13,28.3,10,5.8,7.57,0.77
2120000136,COL. LOS PINOS SEDE A [2120000136],-74.068,4.588,Automática con Telemetría,2779.0,0.0,0.0,0.0,0.0,0.467,0.946,0.728,0.945,,,,,,,,,,,,,,,,,,,,,,,,,,,,,0.636,0.0,0.0,0.55,10.6,2025-02-03,10.6,2.494,0.0,0.7,2.85,23.3,2025-04-25,23.3,1.437,0.05,0.5,1.95,10.7,2025-07-19,10.7,3.13,0.0,0.3,2.25,36.1,2025-11-15,36.1,,,,,2.3,1.7,2.4,1.2,1.199,2025-11-15,36.1,2,10.44,8.78,1.19
2120000174,COLEGIO MAGDALENA ORTEGA DE NARIÑO (IED) [2120000174],-74.083,4.687,Automática con Telemetría,2585.0,0.549,0.935,0.739,0.835,0.567,0.946,0.728,0.945,0.896,0.0,0.0,0.0,15.3,2024-02-05,15.3,0.449,0.0,0.0,0.2,11.0,2024-03-20,11.0,0.068,0.0,0.0,0.0,1.2,2024-07-05,1.2,3.199,0.0,0.1,5.6,18.7,2024-11-06,18.7,1.516,0.0,0.0,0.1,23.5,2025-01-03,23.5,4.305,0.0,1.3,6.75,30.8,2025-04-27,30.8,1.272,0.0,0.3,1.5,13.6,2025-06-15,13.6,3.278,0.0,0.25,2.375,40.5,2025-10-23,40.5,3.2,5.4,12.4,2.1,2.2,1.5,2.1,1.1,1.27,2025-10-23,40.5,4,11.27,10.7,1.05
2120000170,COLEGIO SIMON RODRIGUEZ SEDE C [2120000170],-74.054,4.64,Automática con Telemetría,2702.0,0.549,0.935,0.75,0.824,0.567,0.946,0.728,0.945,1.534,0.0,0.0,0.0,31.3,2024-02-05,31.3,0.805,0.0,0.0,0.075,36.2,2024-03-20,36.2,0.072,0.0,0.0,0.0,1.4,2024-07-05,1.4,3.667,0.0,0.1,3.35,30.9,2024-11-12,30.9,1.276,0.0,0.0,0.25,19.6,2025-01-03,19.6,4.249,0.1,1.0,4.35,29.2,2025-04-27,29.2,1.252,0.0,0.4,1.6,6.5,2025-08-24,6.5,1.591,0.0,0.1,1.075,18.3,2025-11-20,18.3,3.6,5.6,12.8,2.1,2.2,1.7,2.5,1.3,1.1,2024-03-20,36.2,4,11.5,10.67,1.08
2120500135,UNIVERSIDAD DE LA SABANA [2120500135],-74.033,4.854,Automática con Telemetría,2548.0,0.0,0.0,0.0,0.462,0.722,0.87,0.967,0.967,,,,,,,,,,,,,,,,,,,,,,3.395,0.0,1.4,4.3,24.0,2024-11-06,24.0,1.043,0.0,0.0,0.2,10.6,2024-12-26,10.6,3.468,0.0,1.3,5.05,29.4,2025-04-06,29.4,2.036,0.0,0.6,2.8,24.4,2025-06-14,24.4,1.707,0.0,0.0,0.85,29.8,2025-10-24,29.8,,,,22.6,14.4,11.6,10.3,10.4,1.282,2025-12-04,38.2,1,10.72,15.4,0.7
2120000100,COLEGIO ALEMANIA SOLIDARIA [2120000100],-74.075,4.652,Automática con Telemetría,2556.0,0.549,0.935,0.717,0.857,0.689,0.946,0.717,0.945,1.662,0.0,0.0,0.0,33.4,2024-02-05,33.4,0.383,0.0,0.0,0.1,13.6,2024-03-20,13.6,0.033,0.0,0.0,0.0,0.7,2024-06-29,0.7,2.81,0.0,0.05,3.775,21.6,2024-10-19,21.6,0.96,0.0,0.0,0.2,16.8,2025-01-03,16.8,2.118,0.0,0.6,2.6,19.1,2025-04-27,19.1,0.474,0.0,0.0,0.4,3.0,2025-08-30,3.0,2.427,0.0,0.1,1.95,47.8,2025-11-21,47.8,3.5,6.2,26.6,2.5,2.4,2.9,4.4,1.8,1.431,2025-11-21,47.8,4,8.69,11.02,0.79
2120700154,MOLINOS [2120700154],-74.108,4.553,Automática con Telemetría,2590.0,0.549,0.935,0.674,0.857,0.567,0.946,0.728,0.945,0.552,0.0,0.0,0.0,9.0,2024-02-28,9.0,0.399,0.0,0.0,0.075,8.1,2024-03-20,8.1,0.026,0.0,0.0,0.0,0.5,2024-07-20,0.5,1.888,0.0,0.0,2.35,18.0,2024-11-15,18.0,0.784,0.0,0.0,0.3,13.3,2025-01-03,13.3,2.516,0.0,0.6,2.4,27.9,2025-04-27,27.9,1.34,0.0,0.4,1.8,9.2,2025-07-19,9.2,2.678,0.0,0.3,2.15,34.0,2025-11-15,34.0,5.1,5.7,38.1,3.2,2.2,1.5,2.2,1.2,1.219,2025-11-15,34.0,2,7.1,9.02,0.79
2120000133,COLEGIO EL MANANTIAL [2120000133],-74.075,4.561,Automática con Telemetría,2877.0,0.549,0.924,0.707,0.835,0.567,0.946,0.728,0.934,1.306,0.0,0.0,0.0,13.8,2024-02-03,13.8,0.702,0.0,0.0,0.1,19.3,2024-03-20,19.3,0.158,0.0,0.0,0.1,1.9,2024-07-20,1.9,4.076,0.0,0.25,5.0,31.5,2024-11-20,31.5,1.006,0.0,0.0,0.4,13.8,2025-01-08,13.8,3.759,0.2,1.1,4.3,42.2,2025-04-25,42.2,2.312,0.3,1.4,2.75,13.1,2025-07-19,13.1,1.508,0.0,0.2,1.7,19.2,2025-10-13,19.2,3.3,5.7,15.0,2.2,2.2,1.6,2.5,1.2,1.06,2025-04-25,42.2,10,9.82,7.23,1.36
2120000107,LA FISCALA - AUT [2120000107],-74.107,4.536,Automática con Telemetría,2718.0,0.549,0.924,0.652,0.857,0.656,0.946,0.728,0.934,0.674,0.0,0.0,0.0,9.2,2024-02-06,9.2,0.42,0.0,0.0,0.1,15.4,2024-03-20,15.4,0.053,0.0,0.0,0.0,1.0,2024-07-05,1.0,1.858,0.0,0.0,1.625,16.2,2024-11-20,16.2,0.69,0.0,0.0,0.3,10.5,2024-12-26,10.5,2.544,0.0,0.5,3.15,28.2,2025-04-25,28.2,1.96,0.1,0.9,2.75,10.1,2025-06-27,10.1,2.005,0.0,0.4,1.6,32.2,2025-11-15,32.2,4.6,7.0,33.6,3.1,2.4,1.9,2.2,1.2,1.142,2025-11-15,32.2,2,7.2,9.02,0.8
0021206890,CERRO CAZADORES [21206890],-74.029,4.666,Automática con Telemetría,3182.0,0.549,0.88,0.717,0.813,0.578,0.946,0.728,0.956,0.87,0.0,0.0,0.0,14.6,2024-02-05,14.6,0.383,0.0,0.0,0.1,14.2,2024-03-20,14.2,0.132,0.0,0.0,0.175,1.1,2024-07-21,1.1,4.354,0.0,0.15,5.55,52.2,2024-11-20,52.2,0.885,0.0,0.0,0.1,13.3,2024-12-12,13.3,3.487,0.1,1.2,3.35,36.3,2025-04-25,36.3,1.893,0.4,1.0,3.35,8.5,2025-06-06,8.5,1.961,0.0,0.2,1.65,36.6,2025-11-30,36.6,3.1,6.4,13.1,2.0,2.2,1.7,2.1,1.2,1.426,2024-11-20,52.2,9,9.57,6.64,1.44
2120000135,COLEGIO MANUEL ELKIN PATARROYO [2120000135],-74.064,4.618,Automática con Telemetría,2672.0,0.549,0.935,0.75,0.835,0.567,0.946,0.707,0.956,1.67,0.0,0.0,0.0,36.2,2024-02-05,36.2,0.835,0.0,0.0,0.1,32.0,2024-03-20,32.0,0.086,0.0,0.0,0.1,0.8,2024-07-05,0.8,3.439,0.0,0.2,3.975,34.9,2024-11-12,34.9,1.478,0.0,0.0,0.2,33.0,2025-01-03,33.0,3.959,0.1,1.0,5.5,35.4,2025-04-25,35.4,1.478,0.0,0.4,2.2,9.8,2025-07-19,9.8,2.271,0.0,0.2,1.7,34.1,2025-11-18,34.1,3.3,5.6,12.7,2.1,2.2,1.5,2.3,1.1,1.023,2024-02-05,36.2,4,9.54,10.92,0.87
2120000119,COLEGIO ALEMANIA UNIFICADA [2120000119],-74.097,4.556,Automática con Telemetría,2741.0,0.549,0.924,0.696,0.857,0.567,0.935,0.728,0.934,0.922,0.0,0.0,0.0,17.4,2024-02-06,17.4,0.588,0.0,0.0,0.1,18.5,2024-03-20,18.5,0.031,0.0,0.0,0.0,0.4,2024-07-21,0.4,2.637,0.0,0.15,3.875,24.0,2024-11-20,24.0,0.916,0.0,0.0,0.2,19.0,2025-01-03,19.0,3.272,0.1,0.7,3.6,35.5,2025-04-25,35.5,1.584,0.1,0.7,2.1,9.3,2025-07-19,9.3,2.318,0.0,0.3,1.7,32.3,2025-11-15,32.3,3.4,6.1,29.5,2.5,2.2,1.6,2.3,1.2,1.099,2025-04-25,35.5,2,9.16,8.88,1.03
2120000171,COLEGIO AGUSTIN FERNANDEZ [2120000171],-74.024,4.729,Automática con Telemetría,2612.0,0.495,0.935,0.761,0.824,0.567,0.946,0.728,0.934,0.793,0.0,0.0,0.0,19.6,2024-02-06,19.6,0.412,0.0,0.0,0.1,3.8,2024-04-22,3.8,0.106,0.0,0.0,0.0,2.4,2024-07-15,2.4,3.845,0.0,0.0,4.45,39.5,2024-11-02,39.5,0.602,0.0,0.0,0.15,13.4,2024-12-15,13.4,4.759,0.1,0.7,6.1,36.9,2025-04-25,36.9,1.036,0.0,0.2,1.1,7.0,2025-06-09,7.0,2.826,0.0,0.2,2.4,25.6,2025-11-15,25.6,3.9,5.8,11.9,2.1,2.2,1.5,2.1,1.2,1.07,2024-11-02,39.5,3,11.7,9.94,1.18
2120000137,COLEGIO FRIEDRICH NAUMANN [2120000137],-74.023,4.749,Automática con Telemetría,2601.0,0.549,0.935,0.739,0.824,0.556,0.946,0.728,0.901,0.526,0.0,0.0,0.0,12.1,2024-02-06,12.1,0.54,0.0,0.0,0.1,9.7,2024-04-18,9.7,0.063,0.0,0.0,0.0,1.4,2024-07-15,1.4,4.151,0.0,0.0,4.1,70.8,2024-11-06,70.8,0.68,0.0,0.0,0.1,7.2,2025-01-08,7.2,4.531,0.0,1.2,5.9,36.1,2025-03-11,36.1,1.169,0.0,0.2,1.75,7.6,2025-06-09,7.6,2.771,0.0,0.25,2.0,27.6,2025-10-13,27.6,3.1,5.6,12.8,2.1,2.2,1.5,2.1,1.2,1.706,2024-11-06,70.8,3,11.96,9.92,1.21
2120000108,IDIGER - AUT [2120000108],-74.114,4.675,Automática con Telemetría,2555.0,0.549,0.902,0.674,0.824,0.589,0.946,0.728,0.956,0.518,0.0,0.0,0.0,14.5,2024-02-05,14.5,0.464,0.0,0.0,0.0,23.1,2024-03-20,23.1,0.037,0.0,0.0,0.0,0.5,2024-06-29,0.5,2.94,0.0,0.1,3.75,24.1,2024-11-23,24.1,0.904,0.0,0.0,0.6,17.3,2025-01-03,17.3,3.76,0.1,1.1,6.45,23.3,2025-04-10,23.3,1.127,0.0,0.3,1.15,11.6,2025-06-24,11.6,3.623,0.0,0.3,2.45,51.5,2025-11-20,51.5,3.8,7.0,21.1,2.2,2.2,1.6,2.2,1.2,1.262,2025-11-20,51.5,4,10.47,10.8,0.97
2120000117,COLEGIO MORALBA SURORIENTAL (IED) [2120000117],-74.08,4.543,Automática con Telemetría,2971.0,0.407,0.685,0.435,0.857,0.678,0.924,0.728,0.934,1.419,0.0,0.0,0.7,10.7,2024-02-28,10.7,0.754,0.0,0.0,0.0,21.5,2024-03-04,21.5,0.04,0.0,0.0,0.0,0.4,2024-07-25,0.4,2.158,0.0,0.1,2.325,17.1,2024-11-12,17.1,0.708,0.0,0.0,0.5,8.4,2024-12-26,8.4,2.742,0.1,0.8,2.8,49.9,2025-04-25,49.9,2.227,0.3,1.1,3.6,15.9,2025-08-27,15.9,2.24,0.0,0.6,2.3,22.2,2025-11-15,22.2,5.5,8.9,258.4,3.5,2.4,2.3,3.3,1.2,2.189,2025-04-25,49.9,10,8.1,7.37,1.1
0021205012,UNIVERSIDAD NACIONAL [21205012],-74.089,4.637,Automática con Telemetría,2556.0,0.0,0.0,0.0,0.462,0.722,0.848,0.989,0.967,,,,,,,,,,,,,,,,,,,,,,4.324,0.0,0.35,6.225,26.4,2024-11-12,26.4,0.954,0.0,0.0,0.4,15.6,2025-01-03,15.6,4.492,0.125,1.85,7.1,28.1,2025-05-20,28.1,1.534,0.0,0.3,1.35,13.6,2025-07-11,13.6,2.51,0.0,0.25,2.475,21.5,2025-10-23,21.5,,,,22.6,14.4,11.9,10.0,10.5,1.064,2025-05-20,28.1,4,13.08,10.48,1.25
0035025060,LA BOLSA [35025060],-73.996,4.587,"Automática con Telemetría, Convencional",3195.0,0.0,0.0,0.0,0.352,0.711,0.87,0.989,0.967,,,,,,,,,,,,,,,,,,,,,,6.137,0.2,3.15,8.975,31.6,2024-11-13,31.6,0.564,0.0,0.2,0.6,3.9,2024-12-04,3.9,3.474,0.2,1.45,4.225,22.8,2025-04-23,22.8,3.101,0.7,1.8,3.5,19.7,2025-06-06,19.7,1.889,0.0,0.4,1.925,17.1,2025-11-15,17.1,,,,11.9,17.1,13.4,11.6,14.6,1.053,2024-11-13,31.6,8,12.64,9.55,1.32
0021205710,JARDIN BOTANICO [21205710],-74.101,4.668,"Automática con Telemetría, Convencional",2552.0,0.0,0.0,0.0,0.462,0.722,0.87,0.967,0.967,,,,,,,,,,,,,,,,,,,,,,4.669,0.0,0.7,9.65,25.6,2024-11-05,25.6,1.063,0.0,0.0,0.2,14.8,2025-01-03,14.8,5.079,0.0,2.15,7.725,26.5,2025-03-12,26.5,1.461,0.0,0.0,1.3,14.4,2025-06-24,14.4,3.503,0.0,0.1,2.425,58.6,2025-11-21,58.6,,,,22.5,14.2,11.6,10.3,10.4,1.619,2025-11-21,58.6,4,14.8,10.26,1.44
0021202190,JUAN REY - AUT [21202190],-74.089,4.519,Automática con Telemetría,3090.0,0.549,0.924,0.652,0.846,0.567,0.946,0.728,0.945,0.402,0.0,0.0,0.1,4.0,2024-02-01,4.0,0.429,0.0,0.0,0.3,12.4,2024-03-20,12.4,0.107,0.0,0.0,0.1,1.4,2024-07-21,1.4,1.527,0.0,0.1,2.1,14.0,2024-11-10,14.0,0.633,0.0,0.0,0.2,8.7,2025-02-27,8.7,3.599,0.2,1.4,4.35,35.0,2025-04-25,35.0,4.29,0.6,2.4,6.15,19.6,2025-07-11,19.6,1.959,0.0,0.9,2.175,15.5,2025-11-15,15.5,4.5,5.9,38.9,3.4,2.2,1.5,2.2,1.2,1.171,2025-04-25,35.0,10,9.04,7.3,1.24
0021202220,PARAISO - AUT [21202220],-74.059,4.628,Automática con Telemetría,2747.0,0.549,0.935,0.717,0.857,0.6,0.946,0.717,0.945,1.232,0.0,0.0,0.0,27.6,2024-02-05,27.6,0.671,0.0,0.0,0.1,33.4,2024-03-20,33.4,0.036,0.0,0.0,0.0,0.4,2024-07-05,0.4,3.01,0.0,0.1,4.025,26.0,2024-11-12,26.0,1.185,0.0,0.0,0.5,22.3,2025-01-03,22.3,4.214,0.1,1.4,5.4,33.5,2025-03-29,33.5,1.385,0.1,0.4,1.5,7.4,2025-08-24,7.4,1.723,0.0,0.2,1.675,18.7,2025-11-15,18.7,3.4,5.9,30.1,2.5,2.2,1.7,2.6,1.2,1.003,2025-03-29,33.5,4,9.73,10.89,0.89
0021202180,QUIBA  - AUT  [21202180],-74.156,4.543,Automática con Telemetría,2916.0,0.275,0.565,0.065,0.681,0.678,0.946,0.728,0.934,2.272,0.0,0.0,1.9,24.3,2024-02-06,24.3,0.281,0.0,0.0,0.0,8.3,2024-03-20,8.3,0.0,0.0,0.0,0.0,0.0,2024-07-16,0.0,1.434,0.0,0.1,1.85,13.5,2024-10-09,13.5,0.605,0.0,0.0,0.2,6.9,2025-01-03,6.9,1.51,0.0,0.6,1.85,24.2,2025-04-27,24.2,0.9,0.0,0.1,1.1,7.0,2025-08-24,7.0,1.434,0.0,0.2,1.5,16.0,2025-10-13,16.0,3.3,12.9,1115.6,3.2,2.4,2.2,2.9,1.2,1.004,2024-02-06,24.3,10,5.26,7.61,0.69
0021201980,GUADALUPE - AUT [21201980],-74.055,4.592,Automática con Telemetría,3227.0,0.484,0.533,0.0,0.593,0.689,0.935,0.728,0.934,0.882,0.0,0.0,0.125,13.2,2024-02-02,13.2,0.424,0.0,0.0,0.0,9.8,2024-03-04,9.8,,,,,,,,4.122,0.0,0.15,3.15,86.2,2024-11-05,86.2,0.685,0.0,0.0,0.3,17.5,2024-12-30,17.5,2.22,0.1,0.6,2.625,19.7,2025-04-25,19.7,1.619,0.3,0.8,2.3,9.5,2025-08-27,9.5,2.449,0.0,0.3,2.1,25.8,2025-11-15,25.8,6.2,14.8,,2.9,2.3,2.4,2.9,1.3,3.341,2024-11-05,86.2,8,9.55,12.64,0.76
0021205420,TIBAITATA [21205420],-74.206,4.689,"Automática con Telemetría, Convencional",2543.0,0.0,0.0,0.0,0.275,0.722,0.804,0.967,0.978,,,,,,,,,,,,,,,,,,,,,,3.816,0.0,0.6,4.2,35.4,2024-11-19,35.4,0.492,0.0,0.1,0.1,10.2,2025-01-03,10.2,3.936,0.0,0.5,7.0,22.2,2025-03-03,22.2,2.416,0.0,0.4,2.5,22.1,2025-06-24,22.1,2.29,0.0,0.2,1.9,26.6,2025-10-24,26.6,,,,14.6,14.2,12.6,10.3,10.3,1.331,2024-11-19,35.4,5,12.54,11.08,1.13
0021206280,ACAPULCO [21206280],-74.32,4.648,"Automática con Telemetría, Convencional",2680.0,0.0,0.0,0.0,0.462,0.667,0.848,0.967,0.978,,,,,,,,,,,,,,,,,,,,,,2.081,0.0,0.15,3.625,11.3,2024-11-19,11.3,0.562,0.0,0.0,0.0,10.2,2025-01-03,10.2,2.126,0.0,0.4,3.05,35.1,2025-04-07,35.1,1.054,0.0,0.0,0.5,23.7,2025-08-09,23.7,1.363,0.0,0.0,0.6,24.7,2025-11-21,24.7,,,,22.5,15.6,12.1,10.3,10.3,1.421,2025-04-07,35.1,7,8.2,,
0021206560,INEM KENNEDY [21206560],-74.156,4.625,"Automática con Telemetría, Convencional",2557.0,0.0,0.0,0.228,0.374,0.711,0.87,0.989,0.967,,,,,,,,,,,,,,,0.952,0.0,0.0,0.0,7.5,2024-07-08,7.5,5.209,0.0,2.05,7.2,34.6,2024-11-02,34.6,0.589,0.0,0.0,0.0,19.2,2025-01-03,19.2,4.83,0.2,2.0,5.4,34.1,2025-05-20,34.1,2.076,0.0,0.0,1.65,26.3,2025-08-08,26.3,1.865,0.0,0.0,1.525,26.2,2025-10-13,26.2,,,30.2,10.8,15.3,11.8,10.0,10.6,1.015,2024-11-02,34.6,5,13.94,10.9,1.28
0021202240,UAN SEDE CIRCUNVALAR  - AUT  [21202240],-74.057,4.635,Automática con Telemetría,2717.0,0.473,0.924,0.728,0.857,0.689,0.946,0.728,0.956,1.53,0.0,0.0,0.05,25.5,2024-02-05,25.5,0.622,0.0,0.0,0.1,25.6,2024-03-20,25.6,0.03,0.0,0.0,0.0,0.5,2024-07-21,0.5,2.041,0.0,0.1,0.85,27.8,2024-11-12,27.8,1.123,0.0,0.0,0.3,19.8,2025-01-03,19.8,2.38,0.0,0.7,2.25,21.5,2025-05-19,21.5,1.215,0.0,0.3,1.55,7.5,2025-08-24,7.5,1.778,0.0,0.1,1.3,21.3,2025-11-15,21.3,4.0,7.0,34.8,2.6,2.4,2.4,2.5,1.2,1.086,2024-11-12,27.8,4,7.81,11.13,0.7
0021205791,EL DORADO CATAM [21205791],-74.151,4.706,Automática con Telemetría,2547.0,0.0,0.0,0.0,0.352,0.767,0.946,0.989,0.978,,,,,,,,,,,,,,,,,,,,,,5.508,0.0,2.839,4.904,30.803,2024-11-23,30.803,1.975,0.0,0.0,2.2,30.614,2024-12-30,30.614,14.283,1.009,5.274,15.625,274.316,2025-03-29,274.316,5.429,0.0,1.04,5.701,44.113,2025-06-24,44.113,5.606,0.0,0.2,4.424,97.228,2025-10-09,97.228,,,,10.4,3.4,2.1,2.0,2.0,2.631,2025-03-29,274.316,5,30.8,8.8,3.5
0021208480,KENNEDY - AUT [21208480],-74.178,4.611,Automática con Telemetría,2555.0,0.549,0.924,0.707,0.824,0.578,0.935,0.728,0.934,0.764,0.0,0.0,0.0,26.3,2024-02-04,26.3,0.309,0.0,0.0,0.0,12.8,2024-03-20,12.8,0.08,0.0,0.0,0.0,0.8,2024-07-08,0.8,2.296,0.0,0.1,3.85,15.7,2024-11-22,15.7,0.65,0.0,0.0,0.0,13.9,2025-01-03,13.9,2.655,0.0,0.9,3.625,22.1,2025-04-06,22.1,1.082,0.0,0.1,1.5,9.7,2025-08-24,9.7,1.761,0.0,0.1,1.5,21.9,2025-11-12,21.9,3.1,5.3,12.4,2.1,2.2,1.6,2.1,1.2,1.19,2024-02-04,26.3,5,7.7,11.68,0.66
0021206810,SAN BENITO  - AUT  [21206810],-74.138,4.564,Automática con Telemetría,2564.0,0.549,0.935,0.707,0.857,0.556,0.946,0.717,0.945,0.314,0.0,0.0,0.0,5.8,2024-02-06,5.8,0.267,0.0,0.0,0.0,12.2,2024-03-20,12.2,0.018,0.0,0.0,0.0,0.3,2024-07-21,0.3,1.312,0.0,0.0,1.3,21.1,2024-11-15,21.1,0.13,0.0,0.0,0.0,3.6,2025-02-28,3.6,2.268,0.0,0.6,2.85,28.7,2025-04-27,28.7,1.171,0.0,0.25,1.8,6.3,2025-06-09,6.3,1.737,0.0,0.1,1.575,29.5,2025-10-13,29.5,5.3,5.6,33.2,3.2,2.4,1.5,2.2,1.2,1.028,2025-10-13,29.5,2,5.05,9.17,0.55
0021202230,UAN SEDE USME  - AUT  [21202230],-74.127,4.482,Automática con Telemetría,2747.0,0.549,0.935,0.685,0.824,0.567,0.946,0.728,0.945,0.172,0.0,0.0,0.0,2.4,2024-02-04,2.4,0.191,0.0,0.0,0.075,4.3,2024-03-20,4.3,0.056,0.0,0.0,0.0,0.9,2024-07-20,0.9,1.105,0.0,0.1,1.35,11.8,2024-10-09,11.8,0.302,0.0,0.0,0.0,5.7,2025-02-27,5.7,2.425,0.1,0.7,3.1,26.2,2025-04-27,26.2,2.067,0.1,0.9,3.0,12.1,2025-06-06,12.1,1.78,0.0,0.4,1.9,15.1,2025-11-30,15.1,5.3,5.6,34.0,3.4,2.2,1.5,2.1,1.2,1.712,2025-04-27,26.2,2,5.96,9.1,0.66
0021206600,NUEVA GENERACION [21206600],-74.102,4.787,"Automática con Telemetría, Convencional",2590.0,0.0,0.0,0.0,0.462,0.767,0.946,0.989,0.967,,,,,,,,,,,,,,,,,,,,,,4.498,0.0,0.0,4.25,52.7,2024-11-19,52.7,5.219,0.0,0.4,11.9,26.6,2024-12-31,26.6,2.339,0.0,0.0,0.1,24.3,2025-04-11,24.3,0.732,0.0,0.0,0.0,24.0,2025-07-15,24.0,0.024,0.0,0.0,0.0,2.0,2025-11-12,2.0,,,,22.4,13.5,10.8,10.3,10.4,1.981,2024-11-19,52.7,3,14.03,9.73,1.44
0021205910,LA COSECHA [21205910],-74.001,4.989,"Automática con Telemetría, Convencional",2570.0,0.0,0.0,0.0,0.462,0.733,0.87,0.967,0.967,,,,,,,,,,,,,,,,,,,,,,5.052,0.0,0.7,5.55,36.2,2024-11-19,36.2,2.085,0.0,0.0,0.4,41.2,2025-02-27,41.2,4.945,0.0,1.6,7.25,31.2,2025-04-25,31.2,2.171,0.0,0.2,2.4,30.6,2025-06-14,30.6,2.191,0.0,0.0,1.8,45.4,2025-10-24,45.4,,,,22.5,14.1,11.6,10.3,10.6,1.0,2025-10-24,45.4,1,15.4,10.72,1.44
0021202250,DOÑA JUANA - AUT [21202250],-74.137,4.501,Automática con Telemetría,2831.0,0.549,0.935,0.674,0.846,0.578,0.946,0.717,0.956,0.756,0.0,0.0,0.0,14.5,2024-02-03,14.5,0.365,0.0,0.0,0.1,12.7,2024-03-20,12.7,0.053,0.0,0.0,0.0,1.0,2024-07-21,1.0,1.443,0.0,0.0,1.4,16.0,2024-10-05,16.0,0.615,0.0,0.0,0.125,7.0,2025-01-03,7.0,2.263,0.0,0.5,2.1,23.3,2025-04-27,23.3,1.645,0.0,0.65,2.2,8.8,2025-07-01,8.8,1.677,0.0,0.3,1.75,15.9,2025-10-13,15.9,3.6,6.2,32.4,2.8,2.2,1.5,2.3,1.2,1.201,2025-04-27,23.3,2,6.95,9.03,0.77
