codigo,nombre,longitud,latitud,altitud,tecnologia,MAM_24_mean_dias_con_dato,SON_24_mean_dias_con_dato,MAM_25_mean_dias_con_dato,SON_25_mean_dias_con_dato,MAM_24_prec_media,MAM_24_prec_25,MAM_24_prec_50,MAM_24_prec_75,MAM_24_prec_max,MAM_24_fecha_max_precip,MAM_24_max_precip,SON_24_prec_media,SON_24_prec_25,SON_24_prec_50,SON_24_prec_75,SON_24_prec_max,SON_24_fecha_max_precip,SON_24_max_precip,MAM_25_prec_media,MAM_25_prec_25,MAM_25_prec_50,MAM_25_prec_75,MAM_25_prec_max,MAM_25_fecha_max_precip,MAM_25_max_precip,SON_25_prec_media,SON_25_prec_25,SON_25_prec_50,SON_25_prec_75,SON_25_prec_max,SON_25_fecha_max_precip,SON_25_max_precip,MAM_24_cadencia_media,SON_24_cadencia_media,MAM_25_cadencia_media,SON_25_cadencia_media,ratio_max_segundo_max,fecha_max_global,precip_max_global,cluster_geografico,p95_propia,p95_cluster_prom,ratio_p95_cluster
2120000122,COLEGIO INEM FRANCISCO DE PAULA SANTANDER (IED) [2120000122],-74.155,4.625,2557,Automática con Telemetría,0.935,0.835,0.946,0.945,0.281,0.0,0.0,0.075,11.6,2024-03-20,11.6,4.082,0.0,0.2,5.025,44.4,2024-11-02,44.4,3.363,0.1,1.3,4.0,25.2,2025-05-20,25.2,1.8,0.0,0.2,1.45,27.0,2025-10-13,27.0,5.2,1.2,1.5,1.2,1.345,2024-11-02,44.4,3,8.94,12.57,0.71
2120000169,COLEGIO LA BELLEZA (IED) [2120000169],-74.092,4.531,2949,Automática con Telemetría,0.935,0.835,0.946,0.923,0.742,0.0,0.0,0.2,24.1,2024-03-20,24.1,4.034,0.0,0.1,4.2,39.4,2024-11-10,39.4,2.953,0.1,1.0,3.9,25.0,2025-04-25,25.0,1.539,0.0,0.5,2.0,14.2,2025-11-21,14.2,5.7,1.3,1.7,1.2,1.438,2024-11-10,39.4,6,8.65,8.65,1.0
2120000101,ALTOS DE LA ESTANCIA [2120000101],-74.178,4.581,2960,Automática con Telemetría,0.935,0.857,0.946,0.934,0.316,0.0,0.0,0.0,14.1,2024-03-20,14.1,3.676,0.0,0.0,5.05,67.8,2024-11-22,67.8,1.429,0.0,0.3,1.6,19.7,2025-04-27,19.7,1.366,0.0,0.1,0.9,14.1,2025-10-23,14.1,6.4,1.4,2.9,1.8,3.324,2024-11-22,67.8,3,6.6,12.83,0.51
2120000173,COLEGIO CARLO FEDERICI (IED) [2120000173],-74.159,4.672,2577,Automática con Telemetría,0.935,0.835,0.946,0.945,0.328,0.0,0.0,0.1,8.4,2024-03-20,8.4,3.833,0.0,0.2,4.175,28.0,2024-10-18,28.0,3.772,0.1,0.9,4.4,25.4,2025-03-03,25.4,2.155,0.0,0.2,1.775,24.8,2025-10-13,24.8,5.3,1.2,1.5,1.2,1.094,2024-10-18,28.0,3,10.27,12.43,0.83
2120000120,COLEGIO GUSTAVO MORALES [2120000120],-74.064,4.717,2553,Automática con Telemetría,0.935,0.802,0.946,0.934,0.527,0.0,0.0,0.175,12.6,2024-03-20,12.6,5.925,0.0,0.5,9.2,45.4,2024-11-19,45.4,4.109,0.0,0.9,4.9,42.2,2025-04-27,42.2,3.513,0.0,0.1,1.3,65.7,2025-10-16,65.7,5.4,1.2,1.5,1.2,1.447,2025-10-16,65.7,5,14.1,12.73,1.11
2120000123,COLEGIO LA CHUCUA [2120000123],-74.149,4.604,2562,Automática con Telemetría,0.935,0.824,0.946,0.945,0.342,0.0,0.0,0.1,17.2,2024-03-20,17.2,4.508,0.0,0.2,6.05,32.8,2024-11-10,32.8,2.523,0.0,0.8,3.65,18.4,2025-04-27,18.4,2.074,0.0,0.2,1.475,26.7,2025-10-13,26.7,5.2,1.2,1.5,1.2,1.061,2025-01-03,34.8,3,8.78,12.59,0.7
2120000139,ESC. PEDAGOGICA EXPRIMENTAL [2120000139],-74.019,4.676,2905,Automática con Telemetría,0.935,0.857,0.935,0.934,0.341,0.0,0.0,0.1,10.5,2024-03-20,10.5,6.104,0.0,0.2,4.4,83.6,2024-11-06,83.6,1.629,0.0,0.45,1.725,16.8,2025-03-05,16.8,1.908,0.0,0.3,1.0,34.9,2025-11-30,34.9,6.5,1.6,4.0,1.8,1.427,2024-11-06,83.6,5,8.28,13.18,0.63
2120000138,COLEGIO NUEVA ZELANDIA [2120000138],-74.047,4.766,2561,Automática con Telemetría,0.935,0.857,0.946,0.945,0.386,0.0,0.0,0.1,10.5,2024-03-06,10.5,6.818,0.0,0.05,5.0,70.4,2024-11-02,70.4,1.857,0.0,0.3,2.2,21.1,2025-05-19,21.1,1.935,0.0,0.05,1.475,21.6,2025-09-19,21.6,5.9,1.3,2.9,1.8,1.067,2024-11-02,70.4,5,9.57,13.08,0.73
2120000103,CERRO NORTE - AUT  [2120000103],-74.019,4.733,2766,Automática con Telemetría,0.924,0.857,0.891,0.868,0.328,0.0,0.0,0.2,6.3,2024-03-04,6.3,6.805,0.0,0.15,4.15,96.8,2024-11-02,96.8,2.878,0.0,0.5,3.55,29.0,2025-03-05,29.0,1.904,0.0,0.2,1.25,17.9,2025-10-16,17.9,6.8,1.4,3.1,1.8,1.061,2024-11-02,96.8,5,10.2,13.03,0.78
2120000106,GRAN BRETAÑA [2120000106],-74.164,4.512,3087,Automática con Telemetría,0.902,0.857,0.946,0.934,0.294,0.0,0.0,0.1,8.4,2024-03-20,8.4,4.209,0.0,0.2,3.15,65.0,2024-10-05,65.0,1.643,0.0,0.4,2.05,20.2,2025-04-27,20.2,1.496,0.0,0.2,1.4,15.7,2025-11-21,15.7,6.5,1.4,3.0,1.8,1.816,2024-10-05,65.0,6,6.31,8.75,0.72
2120000170,COLEGIO SIMON RODRIGUEZ SEDE C [2120000170],-74.054,4.64,2702,Automática con Telemetría,0.935,0.824,0.946,0.945,0.805,0.0,0.0,0.075,36.2,2024-03-20,36.2,6.848,0.0,0.1,6.7,61.8,2024-11-12,61.8,4.293,0.1,1.0,4.95,29.2,2025-04-27,29.2,1.591,0.0,0.1,1.075,18.3,2025-11-20,18.3,5.6,1.2,1.7,1.3,1.14,2024-11-12,61.8,7,14.34,15.14,0.95
2120000129,COLEGIO OFELIA URIBE ACOSTA [2120000129],-74.103,4.506,2815,Automática con Telemetría,0.935,0.857,0.946,0.945,0.379,0.0,0.0,0.075,14.9,2024-03-20,14.9,2.574,0.0,0.0,2.95,27.0,2024-11-10,27.0,2.952,0.1,0.8,3.6,30.7,2025-04-25,30.7,1.513,0.0,0.25,1.9,14.0,2025-09-30,14.0,6.2,1.7,1.5,1.2,1.137,2025-04-25,30.7,6,8.1,8.67,0.93
0021206780,LA INDEPENDENCI - AUT [21206780],-74.195,4.619,2548,Automática con Telemetría,0.87,0.857,0.946,0.945,0.331,0.0,0.0,0.0,9.5,2024-03-20,9.5,2.471,0.0,0.0,2.475,38.2,2024-11-22,38.2,1.934,0.0,0.2,2.05,29.3,2025-04-27,29.3,1.727,0.0,0.1,1.275,21.3,2025-11-12,21.3,5.9,1.5,1.5,1.2,1.304,2024-11-22,38.2,3,6.62,12.83,0.52
2120000135,COLEGIO MANUEL ELKIN PATARROYO [2120000135],-74.064,4.618,2672,Automática con Telemetría,0.935,0.835,0.946,0.956,0.835,0.0,0.0,0.1,32.0,2024-03-20,32.0,6.384,0.0,0.4,7.35,69.8,2024-11-12,69.8,3.998,0.1,1.0,5.9,35.4,2025-04-25,35.4,2.271,0.0,0.2,1.7,34.1,2025-11-18,34.1,5.6,1.2,1.5,1.1,1.058,2024-11-12,69.8,7,12.75,15.26,0.84
0021206890,CERRO CAZADORES [21206890],-74.029,4.666,3182,Automática con Telemetría,0.88,0.813,0.946,0.956,0.383,0.0,0.0,0.1,14.2,2024-03-20,14.2,8.151,0.0,0.3,7.725,104.4,2024-11-20,104.4,3.632,0.1,1.2,3.35,36.3,2025-04-25,36.3,1.961,0.0,0.2,1.65,36.6,2025-11-30,36.6,6.4,1.1,1.7,1.2,1.483,2024-11-20,104.4,5,12.66,12.84,0.99
2120000119,COLEGIO ALEMANIA UNIFICADA [2120000119],-74.097,4.556,2741,Automática con Telemetría,0.924,0.857,0.935,0.934,0.588,0.0,0.0,0.1,18.5,2024-03-20,18.5,5.004,0.0,0.2,4.95,48.0,2024-11-20,48.0,3.278,0.1,0.75,3.6,35.5,2025-04-25,35.5,2.318,0.0,0.3,1.7,32.3,2025-11-15,32.3,6.1,1.4,1.6,1.2,1.263,2024-11-20,48.0,6,12.36,8.48,1.46
2120000171,COLEGIO AGUSTIN FERNANDEZ [2120000171],-74.024,4.729,2612,Automática con Telemetría,0.935,0.824,0.946,0.934,0.412,0.0,0.0,0.1,3.8,2024-04-22,3.8,6.988,0.0,0.0,6.6,79.0,2024-11-02,79.0,4.992,0.1,0.7,6.1,40.6,2025-03-05,40.6,2.826,0.0,0.2,2.4,25.6,2025-11-15,25.6,5.8,1.2,1.5,1.2,1.172,2024-11-02,79.0,5,14.9,12.67,1.18
2120000100,COLEGIO ALEMANIA SOLIDARIA [2120000100],-74.075,4.652,2556,Automática con Telemetría,0.935,0.857,0.946,0.945,0.383,0.0,0.0,0.1,13.6,2024-03-20,13.6,5.321,0.0,0.05,4.925,43.2,2024-10-19,43.2,2.118,0.0,0.6,2.6,19.1,2025-04-27,19.1,2.427,0.0,0.1,1.95,47.8,2025-11-21,47.8,6.2,1.4,2.9,1.8,1.106,2025-11-21,47.8,7,12.65,15.26,0.83
2120700154,MOLINOS [2120700154],-74.108,4.553,2590,Automática con Telemetría,0.935,0.857,0.946,0.945,0.399,0.0,0.0,0.075,8.1,2024-03-20,8.1,3.574,0.0,0.0,2.675,36.0,2024-11-15,36.0,2.518,0.0,0.6,2.4,27.9,2025-04-27,27.9,2.678,0.0,0.3,2.15,34.0,2025-11-15,34.0,5.7,1.7,1.5,1.2,1.059,2024-11-15,36.0,6,9.11,8.63,1.06
2120000133,COLEGIO EL MANANTIAL [2120000133],-74.075,4.561,2877,Automática con Telemetría,0.924,0.835,0.946,0.934,0.702,0.0,0.0,0.1,19.3,2024-03-20,19.3,7.771,0.0,0.4,8.35,63.0,2024-11-20,63.0,3.791,0.2,1.1,4.6,42.2,2025-04-25,42.2,1.508,0.0,0.2,1.7,19.2,2025-10-13,19.2,5.7,1.2,1.6,1.2,1.26,2024-11-20,63.0,6,11.9,8.5,1.4
2120000107,LA FISCALA - AUT [2120000107],-74.107,4.536,2718,Automática con Telemetría,0.924,0.857,0.946,0.934,0.42,0.0,0.0,0.1,15.4,2024-03-20,15.4,3.571,0.0,0.0,2.15,32.4,2024-11-20,32.4,2.545,0.0,0.5,3.15,28.2,2025-04-25,28.2,2.005,0.0,0.4,1.6,32.2,2025-11-15,32.2,7.0,1.7,1.9,1.2,1.006,2024-11-20,32.4,6,8.4,8.66,0.97
2120500135,UNIVERSIDAD DE LA SABANA [2120500135],-74.033,4.854,2548,Automática con Telemetría,0.0,0.462,0.87,0.967,,,,,,,,6.695,0.0,2.4,8.6,48.0,2024-11-06,48.0,3.55,0.0,1.3,5.05,29.4,2025-04-06,29.4,1.707,0.0,0.0,0.85,29.8,2025-10-24,29.8,,12.4,11.4,10.4,1.257,2024-11-06,48.0,1,15.9,19.65,0.81
2120000174,COLEGIO MAGDALENA ORTEGA DE NARIÑO (IED) [2120000174],-74.083,4.687,2585,Automática con Telemetría,0.935,0.835,0.946,0.945,0.449,0.0,0.0,0.2,11.0,2024-03-20,11.0,6.009,0.0,0.1,10.3,37.4,2024-11-06,37.4,4.31,0.0,1.3,6.75,30.8,2025-04-27,30.8,3.278,0.0,0.25,2.375,40.5,2025-10-23,40.5,5.4,1.2,1.5,1.1,1.16,2025-01-03,47.0,7,15.34,15.07,1.02
2120000136,COL. LOS PINOS SEDE A [2120000136],-74.068,4.588,2779,Automática con Telemetría,0.0,0.0,0.946,0.945,,,,,,,,,,,,,,,2.514,0.0,0.7,3.0,23.3,2025-04-25,23.3,3.13,0.0,0.3,2.25,36.1,2025-11-15,36.1,,,1.7,1.2,1.199,2025-11-15,36.1,7,10.44,15.42,0.68
2120000132,COLEGIO EL TESORO DE LA CUMBRE [2120000132],-74.149,4.535,2816,Automática con Telemetría,0.935,0.857,0.924,0.945,0.248,0.0,0.0,0.075,6.6,2024-03-20,6.6,3.231,0.0,0.0,3.0,30.6,2024-11-15,30.6,1.788,0.0,0.5,2.2,23.0,2025-04-27,23.0,1.656,0.0,0.1,1.5,28.3,2025-10-13,28.3,5.5,1.3,1.6,1.2,1.062,2024-11-15,30.6,6,6.0,8.77,0.68
2120000121,COLEGIO GUSTAVO RESTREPO [2120000121],-74.106,4.576,2578,Automática con Telemetría,0.935,0.857,0.946,0.934,0.497,0.0,0.0,0.1,11.8,2024-03-20,11.8,3.926,0.0,0.2,5.75,28.4,2024-10-04,28.4,3.513,0.15,0.8,4.25,26.8,2025-03-29,26.8,2.494,0.0,0.3,2.0,28.7,2025-10-13,28.7,5.4,1.3,1.5,1.2,1.387,2025-01-03,39.8,6,10.21,8.58,1.19
2120000131,COLEGIO ANTONIO GARCIA [2120000131],-74.139,4.545,2602,Automática con Telemetría,0.935,0.857,0.946,0.945,0.274,0.0,0.0,0.075,10.0,2024-03-20,10.0,3.106,0.0,0.0,2.3,28.4,2024-10-09,28.4,1.607,0.0,0.3,2.15,19.4,2025-04-27,19.4,1.471,0.0,0.1,1.0,22.3,2025-11-15,22.3,5.8,1.4,1.6,1.3,1.817,2025-01-03,51.6,6,6.22,8.76,0.71
2120000125,COLEGIO SORRENTO (SEDE B SAN RAFAEL) (IED)  [2120000125],-74.113,4.62,2561,Automática con Telemetría,0.848,0.857,0.924,0.89,0.083,0.0,0.0,0.0,4.0,2024-03-20,4.0,3.021,0.0,0.05,2.7,28.6,2024-11-12,28.6,2.429,0.0,0.6,2.7,30.1,2025-05-20,30.1,1.805,0.0,0.0,1.3,26.3,2025-10-13,26.3,18.3,1.9,2.4,2.1,1.03,2025-01-03,31.0,7,6.0,15.74,0.38
2120000124,COLEGIO RAFAEL URIBE [2120000124],-74.132,4.583,2564,Automática con Telemetría,0.935,0.846,0.946,0.956,0.303,0.0,0.0,0.1,11.9,2024-03-20,11.9,3.853,0.0,0.0,4.9,35.6,2024-11-10,35.6,2.974,0.0,0.9,3.4,20.4,2025-04-27,20.4,2.155,0.0,0.2,2.1,37.8,2025-10-13,37.8,5.5,1.2,1.5,1.2,1.349,2025-01-03,51.0,6,8.57,8.65,0.99
2120000130,COLEGIO PAULO FREIRE [2120000130],-74.117,4.533,2605,Automática con Telemetría,0.924,0.857,0.946,0.945,0.253,0.0,0.0,0.0,9.1,2024-03-20,9.1,2.864,0.0,0.0,2.225,25.8,2024-10-05,25.8,2.86,0.0,0.6,2.55,27.4,2025-04-27,27.4,2.144,0.0,0.3,1.65,34.7,2025-11-15,34.7,6.6,1.8,1.5,1.2,1.003,2025-01-03,34.8,6,8.97,8.63,1.04
2120000126,COLEGIO CIUDAD DE VILLAVICENCIO [2120000126],-74.102,4.487,2923,Automática con Telemetría,0.935,0.846,0.946,0.945,0.278,0.0,0.0,0.1,9.1,2024-03-20,9.1,4.383,0.0,0.2,5.4,40.0,2024-11-10,40.0,3.098,0.1,1.2,3.5,32.6,2025-04-27,32.6,2.006,0.0,1.1,2.25,15.0,2025-11-30,15.0,6.3,1.2,1.5,1.2,1.081,2024-11-10,40.0,6,10.04,8.58,1.17
2120000134,COLEGIO LOS ALPES SEDE A [2120000134],-74.084,4.553,2875,Automática con Telemetría,0.935,0.835,0.946,0.912,0.805,0.0,0.0,0.1,21.6,2024-03-20,21.6,6.457,0.0,0.2,7.275,57.0,2024-11-20,57.0,3.077,0.1,1.0,3.0,54.5,2025-04-25,54.5,2.286,0.0,0.4,1.85,23.4,2025-11-21,23.4,5.9,1.2,1.7,1.2,1.046,2024-11-20,57.0,6,11.86,8.5,1.39
2120000172,COLEGIO UNION COLOMBIA SEDE A (IED) [2120000172],-74.028,4.759,2600,Automática con Telemetría,0.935,0.824,0.946,0.945,0.335,0.0,0.0,0.175,8.1,2024-04-18,8.1,6.069,0.0,0.2,5.8,91.8,2024-11-06,91.8,3.024,0.0,1.0,3.9,37.1,2025-03-11,37.1,2.356,0.0,0.15,1.85,25.6,2025-10-13,25.6,5.6,1.2,1.7,1.2,1.556,2024-11-06,91.8,5,10.8,12.98,0.83
2120000118,COLEGIO ALBERTO LLERAS CAMARGO [2120000118],-74.102,4.743,2556,Automática con Telemetría,0.815,0.857,0.946,0.945,0.467,0.0,0.0,0.1,8.7,2024-04-30,8.7,5.824,0.0,0.1,7.2,44.2,2024-11-20,44.2,2.797,0.0,0.8,3.85,19.5,2025-04-27,19.5,2.999,0.0,0.15,3.125,43.0,2025-09-19,43.0,8.8,1.2,1.5,1.2,1.028,2024-11-20,44.2,5,12.95,12.82,1.01
2120500204,IDEAM PUENTE ARANDA [2120500204],-74.103,4.622,2559,Automática con Telemetría,0.272,0.989,0.935,0.967,0.648,0.0,0.2,0.7,4.3,2024-05-14,4.3,7.762,0.0,0.4,6.75,108.6,2024-11-19,108.6,12.393,0.2,4.35,12.05,150.2,2025-04-09,150.2,2.291,0.0,0.3,1.85,43.0,2025-10-13,43.0,29.6,6.3,12.0,10.7,1.14,2025-01-22,651.6,7,44.44,12.99,3.42
2120500201,VITELMA [2120500201],-74.072,4.575,2777,Automática con Telemetría,0.924,0.846,0.946,0.945,0.682,0.0,0.0,0.2,18.7,2024-03-20,18.7,7.079,0.0,0.5,11.2,50.8,2024-11-10,50.8,3.557,0.3,1.2,4.55,33.1,2025-03-29,33.1,2.863,0.0,0.25,2.35,36.8,2025-11-15,36.8,5.2,1.2,1.5,1.2,1.38,2024-11-10,50.8,7,13.52,15.2,0.89
2120000099,COLEGIO VEINTIUN ANGELES [2120000099],-74.081,4.749,2614,Automática con Telemetría,0.935,0.857,0.946,0.945,0.624,0.0,0.0,0.1,13.4,2024-03-20,13.4,5.085,0.0,0.2,6.05,41.2,2024-11-19,41.2,1.267,0.0,0.2,1.9,8.3,2025-04-29,8.3,2.057,0.0,0.1,1.7,24.3,2025-10-16,24.3,6.6,1.4,3.0,1.8,1.051,2024-11-19,41.2,5,9.04,13.12,0.69
2120000109,COLEGIO RODOLFO LLINAS [2120000109],-74.108,4.72,2554,Automática con Telemetría,0.924,0.835,0.946,0.945,0.467,0.0,0.0,0.1,10.3,2024-03-20,10.3,5.574,0.0,0.2,7.45,46.4,2024-11-11,46.4,3.61,0.15,1.2,4.15,36.7,2025-04-27,36.7,2.914,0.0,0.1,1.65,36.1,2025-10-27,36.1,6.2,1.2,1.6,1.3,1.202,2024-11-11,46.4,5,11.64,12.92,0.9
2120000140,FUNDACIÓN ANA RESTREPO DEL CORRAL [2120000140],-74.023,4.706,2686,Automática con Telemetría,0.924,0.824,0.946,0.945,0.535,0.0,0.0,0.2,13.5,2024-04-20,13.5,9.785,0.0,0.0,8.5,100.8,2024-11-20,100.8,5.686,0.2,1.7,7.2,83.9,2025-04-25,83.9,2.431,0.0,0.25,1.575,30.4,2025-10-16,30.4,5.5,1.2,1.5,1.3,1.201,2024-11-20,100.8,5,15.19,12.65,1.2
2120000128,COLEGIO GABRIEL GARCIA MARQUEZ [2120000128],-74.092,4.505,3055,Automática con Telemetría,0.924,0.857,0.946,0.945,0.234,0.0,0.0,0.1,6.9,2024-03-20,6.9,2.722,0.0,0.05,3.05,24.8,2024-11-10,24.8,3.074,0.1,1.1,3.4,31.7,2025-04-25,31.7,1.857,0.0,0.45,2.2,14.4,2025-09-30,14.4,6.7,1.7,1.5,1.2,1.278,2025-04-25,31.7,6,9.55,8.61,1.11
2120000105,EL CODITO [2120000105],-74.022,4.763,2730,Automática con Telemetría,0.913,0.824,0.935,0.934,0.346,0.0,0.0,0.2,8.6,2024-04-18,8.6,6.147,0.0,0.2,6.8,68.2,2024-11-06,68.2,4.471,0.2,1.5,4.4,36.3,2025-03-11,36.3,2.998,0.0,0.2,2.1,44.2,2025-11-16,44.2,5.7,1.2,1.5,1.3,1.148,2024-11-06,68.2,5,12.16,12.88,0.94
2120700038,SAN FRANCISCO - AUT  [2120700038],-74.149,4.562,2577,Automática con Telemetría,0.935,0.857,0.946,0.956,0.212,0.0,0.0,0.0,10.4,2024-03-20,10.4,2.873,0.0,0.0,2.75,26.2,2024-11-15,26.2,1.954,0.0,0.5,2.8,21.1,2025-04-27,21.1,1.666,0.0,0.1,1.3,31.4,2025-10-13,31.4,6.9,1.7,1.9,1.2,1.198,2025-10-13,31.4,6,6.67,8.74,0.76
2120000175,COLEGIO LA FELICIDAD (IED) [2120000175],-74.131,4.656,2584,Automática con Telemetría,0.935,0.813,0.946,0.945,0.423,0.0,0.0,0.1,15.1,2024-03-20,15.1,3.985,0.0,0.2,5.75,37.0,2024-11-14,37.0,3.206,0.15,1.2,4.5,22.8,2025-04-25,22.8,1.908,0.0,0.2,1.2,23.0,2025-11-12,23.0,5.3,1.2,1.5,1.2,1.468,2024-11-14,37.0,3,8.56,12.62,0.68
2120000137,COLEGIO FRIEDRICH NAUMANN [2120000137],-74.023,4.749,2601,Automática con Telemetría,0.935,0.824,0.946,0.901,0.54,0.0,0.0,0.1,9.7,2024-04-18,9.7,7.703,0.0,0.0,7.7,141.6,2024-11-06,141.6,4.566,0.0,1.2,6.05,36.1,2025-03-11,36.1,2.771,0.0,0.25,2.0,27.6,2025-10-13,27.6,5.6,1.1,1.5,1.2,1.706,2024-11-06,141.6,5,13.6,12.77,1.07
2120000108,IDIGER - AUT [2120000108],-74.114,4.675,2555,Automática con Telemetría,0.902,0.824,0.946,0.956,0.464,0.0,0.0,0.0,23.1,2024-03-20,23.1,5.453,0.0,0.1,6.7,48.2,2024-11-23,48.2,3.76,0.1,1.1,6.45,23.3,2025-04-10,23.3,3.623,0.0,0.3,2.45,51.5,2025-11-20,51.5,7.0,1.2,1.6,1.2,1.068,2025-11-20,51.5,7,12.28,15.29,0.8
2120000117,COLEGIO MORALBA SURORIENTAL (IED) [2120000117],-74.08,4.543,2971,Automática con Telemetría,0.685,0.857,0.924,0.934,0.754,0.0,0.0,0.0,21.5,2024-03-04,21.5,4.073,0.0,0.15,3.425,34.2,2024-11-12,34.2,2.781,0.1,0.8,2.8,49.9,2025-04-25,49.9,2.24,0.0,0.6,2.3,22.2,2025-11-15,22.2,8.9,1.9,2.3,1.2,1.459,2025-04-25,49.9,6,9.49,8.61,1.1
2120000127,COLEGIO EDUARDO UMAÑA [2120000127],-74.113,4.49,2923,Automática con Telemetría,0.935,0.857,0.946,0.934,0.249,0.0,0.0,0.1,7.3,2024-03-20,7.3,2.496,0.0,0.0,3.125,21.2,2024-10-09,21.2,2.52,0.1,0.9,2.45,23.8,2025-04-27,23.8,1.811,0.0,0.6,2.2,16.6,2025-11-23,16.6,6.1,1.7,1.5,1.2,1.008,2025-04-27,23.8,6,7.94,8.68,0.91
0021201980,GUADALUPE - AUT [21201980],-74.055,4.592,3227,Automática con Telemetría,0.533,0.593,0.935,0.934,0.424,0.0,0.0,0.0,9.8,2024-03-04,9.8,8.244,0.0,0.3,6.3,172.4,2024-11-05,172.4,2.269,0.1,0.6,2.625,19.7,2025-04-25,19.7,2.449,0.0,0.3,2.1,25.8,2025-11-15,25.8,14.8,1.5,2.4,1.3,4.898,2024-11-05,172.4,7,11.42,15.35,0.74
0021205420,TIBAITATA [21205420],-74.206,4.689,2543,"Automática con Telemetría, Convencional",0.0,0.275,0.804,0.978,,,,,,,,7.632,0.0,1.2,8.4,70.8,2024-11-19,70.8,3.954,0.0,0.5,7.0,22.2,2025-03-03,22.2,2.29,0.0,0.2,1.9,26.6,2025-10-24,26.6,,7.3,12.4,10.3,2.476,2024-11-19,70.8,3,14.22,11.99,1.19
0021202240,UAN SEDE CIRCUNVALAR  - AUT  [21202240],-74.057,4.635,2717,Automática con Telemetría,0.924,0.857,0.946,0.956,0.622,0.0,0.0,0.1,25.6,2024-03-20,25.6,4.005,0.0,0.1,1.35,55.6,2024-11-12,55.6,2.382,0.0,0.7,2.25,21.5,2025-05-19,21.5,1.778,0.0,0.1,1.3,21.3,2025-11-15,21.3,7.0,1.4,2.4,1.2,1.404,2024-11-12,55.6,7,10.0,15.45,0.65
0021205791,EL DORADO CATAM [21205791],-74.151,4.706,2547,Automática con Telemetría,0.0,0.352,0.946,0.978,,,,,,,,11.016,0.0,5.678,9.808,61.606,2024-11-23,61.606,14.295,1.102,5.274,15.632,274.316,2025-03-29,274.316,5.606,0.0,0.2,4.424,97.228,2025-10-09,97.228,,5.2,1.7,1.7,2.631,2025-03-29,274.316,3,32.42,9.96,3.25
0021208480,KENNEDY - AUT [21208480],-74.178,4.611,2555,Automática con Telemetría,0.924,0.824,0.935,0.934,0.309,0.0,0.0,0.0,12.8,2024-03-20,12.8,3.964,0.0,0.2,7.25,31.4,2024-11-22,31.4,2.655,0.0,0.9,3.625,22.1,2025-04-06,22.1,1.761,0.0,0.1,1.5,21.9,2025-11-12,21.9,5.3,1.2,1.6,1.2,1.129,2024-11-22,31.4,3,9.59,12.5,0.77
0021202230,UAN SEDE USME  - AUT  [21202230],-74.127,4.482,2747,Automática con Telemetría,0.935,0.824,0.946,0.945,0.191,0.0,0.0,0.075,4.3,2024-03-20,4.3,2.087,0.0,0.2,2.65,23.6,2024-10-09,23.6,2.43,0.1,0.8,3.1,26.2,2025-04-27,26.2,1.78,0.0,0.4,1.9,15.1,2025-11-30,15.1,5.6,1.8,1.5,1.2,1.11,2025-04-27,26.2,6,7.13,8.72,0.82
0021206810,SAN BENITO  - AUT  [21206810],-74.138,4.564,2564,Automática con Telemetría,0.935,0.857,0.946,0.945,0.267,0.0,0.0,0.0,12.2,2024-03-20,12.2,2.449,0.0,0.0,2.55,42.2,2024-11-15,42.2,2.268,0.0,0.6,2.85,28.7,2025-04-27,28.7,1.737,0.0,0.1,1.575,29.5,2025-10-13,29.5,5.6,1.7,1.5,1.2,1.431,2024-11-15,42.2,6,6.05,8.77,0.69
0021206600,NUEVA GENERACION [21206600],-74.102,4.787,2590,"Automática con Telemetría, Convencional",0.0,0.462,0.946,0.967,,,,,,,,8.995,0.0,0.0,8.5,105.4,2024-11-19,105.4,2.368,0.0,0.0,0.1,24.3,2025-04-11,24.3,0.024,0.0,0.0,0.0,2.0,2025-11-12,2.0,,12.4,10.7,10.4,1.981,2024-11-19,105.4,5,24.49,11.93,2.05
0021205910,LA COSECHA [21205910],-74.001,4.989,2570,"Automática con Telemetría, Convencional",0.0,0.462,0.87,0.967,,,,,,,,10.038,0.0,1.4,11.1,72.4,2024-11-19,72.4,4.945,0.0,1.6,7.25,31.2,2025-04-25,31.2,2.191,0.0,0.0,1.8,45.4,2025-10-24,45.4,,12.4,11.4,10.6,1.321,2024-11-19,72.4,1,19.65,15.9,1.24
0021202250,DOÑA JUANA - AUT [21202250],-74.137,4.501,2831,Automática con Telemetría,0.935,0.846,0.946,0.956,0.365,0.0,0.0,0.1,12.7,2024-03-20,12.7,2.662,0.0,0.0,2.0,32.0,2024-10-05,32.0,2.263,0.0,0.5,2.1,23.3,2025-04-27,23.3,1.677,0.0,0.3,1.75,15.9,2025-10-13,15.9,6.2,1.5,1.5,1.2,1.373,2024-10-05,32.0,6,7.61,8.7,0.88
0021206560,INEM KENNEDY [21206560],-74.156,4.625,2557,"Automática con Telemetría, Convencional",0.0,0.374,0.87,0.967,,,,,,,,10.418,0.0,4.1,14.4,69.2,2024-11-02,69.2,4.835,0.2,2.0,5.4,34.1,2025-05-20,34.1,1.865,0.0,0.0,1.525,26.2,2025-10-13,26.2,,5.4,11.7,10.6,1.802,2024-11-02,69.2,3,16.1,11.78,1.37
0021206280,ACAPULCO [21206280],-74.32,4.648,2680,"Automática con Telemetría, Convencional",0.0,0.462,0.848,0.978,,,,,,,,4.152,0.0,0.3,7.25,22.6,2024-11-19,22.6,2.126,0.0,0.4,3.05,35.1,2025-04-07,35.1,1.363,0.0,0.0,0.6,24.7,2025-11-21,24.7,,12.4,11.9,10.3,1.421,2025-04-07,35.1,4,10.56,,
0021202180,QUIBA  - AUT  [21202180],-74.156,4.543,2916,Automática con Telemetría,0.565,0.681,0.946,0.934,0.281,0.0,0.0,0.0,8.3,2024-03-20,8.3,2.792,0.0,0.2,3.3,27.0,2024-10-09,27.0,1.51,0.0,0.6,1.85,24.2,2025-04-27,24.2,1.434,0.0,0.2,1.5,16.0,2025-10-13,16.0,12.9,1.6,2.2,1.2,1.111,2024-10-09,27.0,6,7.0,8.72,0.8
0021202190,JUAN REY - AUT [21202190],-74.089,4.519,3090,Automática con Telemetría,0.924,0.846,0.946,0.945,0.429,0.0,0.0,0.3,12.4,2024-03-20,12.4,2.874,0.0,0.2,3.3,28.0,2024-11-10,28.0,3.703,0.2,1.4,4.35,35.0,2025-04-25,35.0,1.959,0.0,0.9,2.175,15.5,2025-11-15,15.5,5.9,1.9,1.5,1.2,1.171,2025-04-25,35.0,6,10.74,8.55,1.26
0021202220,PARAISO - AUT [21202220],-74.059,4.628,2747,Automática con Telemetría,0.935,0.857,0.946,0.945,0.671,0.0,0.0,0.1,33.4,2024-03-20,33.4,5.721,0.0,0.15,6.325,52.0,2024-11-12,52.0,4.252,0.1,1.4,5.55,33.5,2025-03-29,33.5,1.723,0.0,0.2,1.675,18.7,2025-11-15,18.7,5.9,1.4,1.7,1.2,1.166,2024-11-12,52.0,7,12.8,15.25,0.84
0021205710,JARDIN BOTANICO [21205710],-74.101,4.668,2552,"Automática con Telemetría, Convencional",0.0,0.462,0.87,0.967,,,,,,,,9.321,0.0,1.4,19.3,51.2,2024-11-05,51.2,5.088,0.0,2.15,7.725,26.5,2025-03-12,26.5,3.503,0.0,0.1,2.425,58.6,2025-11-21,58.6,,12.4,11.4,10.4,1.145,2025-11-21,58.6,7,19.92,14.74,1.35
2306500204,ALTO DEL VINO [2306500204],-74.288,4.877,2872,"Automática con Telemetría, Convencional",0.0,0.352,0.87,0.978,,,,,,,,12.038,0.4,5.0,11.95,119.6,2024-11-19,119.6,5.014,0.75,2.6,7.35,21.8,2025-04-08,21.8,2.39,0.0,0.2,2.4,16.5,2025-09-19,16.5,,5.2,11.6,10.3,2.151,2024-11-19,119.6,2,16.37,,
0021205012,UNIVERSIDAD NACIONAL [21205012],-74.089,4.637,2556,Automática con Telemetría,0.0,0.462,0.848,0.967,,,,,,,,8.619,0.0,0.5,12.45,52.8,2024-11-12,52.8,4.492,0.125,1.85,7.1,28.1,2025-05-20,28.1,2.51,0.0,0.25,2.475,21.5,2025-10-23,21.5,,12.5,11.8,10.5,1.427,2024-11-12,52.8,7,15.86,15.03,1.06
0035025060,LA BOLSA [35025060],-73.996,4.587,3195,"Automática con Telemetría, Convencional",0.0,0.352,0.87,0.967,,,,,,,,12.275,0.4,6.3,17.95,63.2,2024-11-13,63.2,3.479,0.2,1.45,4.225,22.8,2025-04-23,22.8,1.889,0.0,0.4,1.925,17.1,2025-11-15,17.1,,5.9,13.3,14.6,1.053,2024-11-13,63.2,7,14.57,15.13,0.96
